id,source_domain,end_domain
1,https://en.wikipedia.org/wiki/Enrico_Fermi,https://en.wikipedia.org/wiki/Wikipedia:Featured_articles
2,https://en.wikipedia.org/wiki/Enrico_Fermi,https://en.wikipedia.org/wiki/Wikipedia:Pending_changes
3,https://en.wikipedia.org/wiki/Enrico_Fermi,https://en.wikipedia.org/w/index.php?title=Special:Log&type=review&page=Enrico_Fermi
4,https://en.wikipedia.org/wiki/Enrico_Fermi,https://en.wikipedia.org/wiki/Fermi_(disambiguation)
5,https://en.wikipedia.org/wiki/Enrico_Fermi,https://en.wikipedia.org/wiki/Rome
6,https://en.wikipedia.org/wiki/Enrico_Fermi,https://en.wikipedia.org/wiki/Chicago
7,https://en.wikipedia.org/wiki/Enrico_Fermi,https://en.wikipedia.org/wiki/Scuola_Normale_Superiore_di_Pisa
8,https://en.wikipedia.org/wiki/Enrico_Fermi,https://en.wikipedia.org/wiki/Nuclear_chain_reaction
9,https://en.wikipedia.org/wiki/Enrico_Fermi,https://en.wikipedia.org/wiki/Fermi%E2%80%93Dirac_statistics
10,https://en.wikipedia.org/wiki/Enrico_Fermi,https://en.wikipedia.org/wiki/Fermi%27s_golden_rule
11,https://en.wikipedia.org/wiki/Enrico_Fermi,https://en.wikipedia.org/wiki/Fermi_paradox
12,https://en.wikipedia.org/wiki/Enrico_Fermi,https://en.wikipedia.org/wiki/Fermi_problem
13,https://en.wikipedia.org/wiki/Enrico_Fermi,https://en.wikipedia.org/wiki/Fermi%27s_interaction
14,https://en.wikipedia.org/wiki/Enrico_Fermi,https://en.wikipedia.org/wiki/Laura_Capon_Fermi
15,https://en.wikipedia.org/wiki/Enrico_Fermi,https://en.wikipedia.org/wiki/Matteucci_Medal
16,https://en.wikipedia.org/wiki/Enrico_Fermi,https://en.wikipedia.org/wiki/Nobel_Prize_for_Physics
17,https://en.wikipedia.org/wiki/Enrico_Fermi,https://en.wikipedia.org/wiki/Hughes_Medal
18,https://en.wikipedia.org/wiki/Enrico_Fermi,https://en.wikipedia.org/wiki/Medal_for_Merit
19,https://en.wikipedia.org/wiki/Enrico_Fermi,https://en.wikipedia.org/wiki/Franklin_Medal
20,https://en.wikipedia.org/wiki/Enrico_Fermi,https://en.wikipedia.org/wiki/Fellow_of_the_Royal_Society
21,https://en.wikipedia.org/wiki/Enrico_Fermi,https://en.wikipedia.org/wiki/Barnard_Medal_for_Meritorious_Service_to_Science
22,https://en.wikipedia.org/wiki/Enrico_Fermi,https://en.wikipedia.org/wiki/Rumford_Prize
23,https://en.wikipedia.org/wiki/Enrico_Fermi,https://en.wikipedia.org/wiki/Max_Planck_Medal
24,https://en.wikipedia.org/wiki/Enrico_Fermi,https://en.wikipedia.org/wiki/Physics
25,https://en.wikipedia.org/wiki/Enrico_Fermi,https://en.wikipedia.org/wiki/Scuola_Normale_Superiore_di_Pisa
26,https://en.wikipedia.org/wiki/Enrico_Fermi,https://en.wikipedia.org/wiki/University_of_G%C3%B6ttingen
27,https://en.wikipedia.org/wiki/Enrico_Fermi,https://en.wikipedia.org/wiki/Leiden_University
28,https://en.wikipedia.org/wiki/Enrico_Fermi,https://en.wikipedia.org/wiki/University_of_Florence
29,https://en.wikipedia.org/wiki/Enrico_Fermi,https://en.wikipedia.org/wiki/Sapienza_University_of_Rome
30,https://en.wikipedia.org/wiki/Enrico_Fermi,https://en.wikipedia.org/wiki/Columbia_University
31,https://en.wikipedia.org/wiki/Enrico_Fermi,https://en.wikipedia.org/wiki/University_of_Chicago
32,https://en.wikipedia.org/wiki/Enrico_Fermi,https://en.wikipedia.org/wiki/Luigi_Puccianti
33,https://en.wikipedia.org/wiki/Enrico_Fermi,https://en.wikipedia.org/wiki/Max_Born
34,https://en.wikipedia.org/wiki/Enrico_Fermi,https://en.wikipedia.org/wiki/Paul_Ehrenfest
35,https://en.wikipedia.org/wiki/Enrico_Fermi,https://en.wikipedia.org/wiki/Harold_Agnew
36,https://en.wikipedia.org/wiki/Enrico_Fermi,https://en.wikipedia.org/wiki/Edoardo_Amaldi
37,https://en.wikipedia.org/wiki/Enrico_Fermi,https://en.wikipedia.org/wiki/Owen_Chamberlain
38,https://en.wikipedia.org/wiki/Enrico_Fermi,https://en.wikipedia.org/wiki/Geoffrey_Chew
39,https://en.wikipedia.org/wiki/Enrico_Fermi,https://en.wikipedia.org/wiki/Mildred_Dresselhaus
40,https://en.wikipedia.org/wiki/Enrico_Fermi,https://en.wikipedia.org/wiki/Jerome_Isaac_Friedman
41,https://en.wikipedia.org/wiki/Enrico_Fermi,https://en.wikipedia.org/wiki/Richard_Garwin
42,https://en.wikipedia.org/wiki/Enrico_Fermi,https://en.wikipedia.org/wiki/Marvin_Goldberger
43,https://en.wikipedia.org/wiki/Enrico_Fermi,https://en.wikipedia.org/wiki/Tsung-Dao_Lee
44,https://en.wikipedia.org/wiki/Enrico_Fermi,https://en.wikipedia.org/wiki/Ettore_Majorana
45,https://en.wikipedia.org/wiki/Enrico_Fermi,https://en.wikipedia.org/wiki/Arthur_Rosenfeld
46,https://en.wikipedia.org/wiki/Enrico_Fermi,https://en.wikipedia.org/wiki/Emilio_Segr%C3%A8
47,https://en.wikipedia.org/wiki/Enrico_Fermi,https://en.wikipedia.org/wiki/Sam_Treiman
48,https://en.wikipedia.org/wiki/Enrico_Fermi,https://en.wikipedia.org/wiki/Jack_Steinberger
49,https://en.wikipedia.org/wiki/Enrico_Fermi,https://en.wikipedia.org/wiki/Chen_Ning_Yang
50,https://en.wikipedia.org/wiki/Enrico_Fermi,https://en.wikipedia.org/wiki/Help:IPA/English
51,https://en.wikipedia.org/wiki/Enrico_Fermi,https://en.wikipedia.org/wiki/Help:IPA/Italian
52,https://en.wikipedia.org/wiki/Enrico_Fermi,https://en.wikipedia.org/wiki/Nuclear_reactor
53,https://en.wikipedia.org/wiki/Enrico_Fermi,https://en.wikipedia.org/wiki/Chicago_Pile-1
54,https://en.wikipedia.org/wiki/Enrico_Fermi,https://en.wikipedia.org/wiki/Atomic_Age
55,https://en.wikipedia.org/wiki/Enrico_Fermi,https://en.wikipedia.org/wiki/Theoretical_physics
56,https://en.wikipedia.org/wiki/Enrico_Fermi,https://en.wikipedia.org/wiki/Experimental_physics
57,https://en.wikipedia.org/wiki/Enrico_Fermi,https://en.wikipedia.org/wiki/Nobel_Prize_in_Physics
58,https://en.wikipedia.org/wiki/Enrico_Fermi,https://en.wikipedia.org/wiki/Induced_radioactivity
59,https://en.wikipedia.org/wiki/Enrico_Fermi,https://en.wikipedia.org/wiki/Transuranium_elements
60,https://en.wikipedia.org/wiki/Enrico_Fermi,https://en.wikipedia.org/wiki/Statistical_mechanics
61,https://en.wikipedia.org/wiki/Enrico_Fermi,https://en.wikipedia.org/wiki/Quantum_mechanics
62,https://en.wikipedia.org/wiki/Enrico_Fermi,https://en.wikipedia.org/wiki/Nuclear_physics
63,https://en.wikipedia.org/wiki/Enrico_Fermi,https://en.wikipedia.org/wiki/Particle_physics
64,https://en.wikipedia.org/wiki/Enrico_Fermi,https://en.wikipedia.org/wiki/Wolfgang_Pauli
65,https://en.wikipedia.org/wiki/Enrico_Fermi,https://en.wikipedia.org/wiki/Pauli_exclusion_principle
66,https://en.wikipedia.org/wiki/Enrico_Fermi,https://en.wikipedia.org/wiki/Ideal_gas
67,https://en.wikipedia.org/wiki/Enrico_Fermi,https://en.wikipedia.org/wiki/Fermi%E2%80%93Dirac_statistics
68,https://en.wikipedia.org/wiki/Enrico_Fermi,https://en.wikipedia.org/wiki/Fermion
69,https://en.wikipedia.org/wiki/Enrico_Fermi,https://en.wikipedia.org/wiki/Electron
70,https://en.wikipedia.org/wiki/Enrico_Fermi,https://en.wikipedia.org/wiki/Beta_decay
71,https://en.wikipedia.org/wiki/Enrico_Fermi,https://en.wikipedia.org/wiki/Conservation_of_energy
72,https://en.wikipedia.org/wiki/Enrico_Fermi,https://en.wikipedia.org/wiki/Neutrino
73,https://en.wikipedia.org/wiki/Enrico_Fermi,https://en.wikipedia.org/wiki/Fermi%27s_interaction
74,https://en.wikipedia.org/wiki/Enrico_Fermi,https://en.wikipedia.org/wiki/Weak_interaction
75,https://en.wikipedia.org/wiki/Enrico_Fermi,https://en.wikipedia.org/wiki/Fundamental_interaction
76,https://en.wikipedia.org/wiki/Enrico_Fermi,https://en.wikipedia.org/wiki/Neutron
77,https://en.wikipedia.org/wiki/Enrico_Fermi,https://en.wikipedia.org/wiki/Slow_neutron
78,https://en.wikipedia.org/wiki/Enrico_Fermi,https://en.wikipedia.org/wiki/Neutron_capture
79,https://en.wikipedia.org/wiki/Enrico_Fermi,https://en.wikipedia.org/wiki/Atomic_nucleus
80,https://en.wikipedia.org/wiki/Enrico_Fermi,https://en.wikipedia.org/wiki/Fermi_age_equation
81,https://en.wikipedia.org/wiki/Enrico_Fermi,https://en.wikipedia.org/wiki/Thorium
82,https://en.wikipedia.org/wiki/Enrico_Fermi,https://en.wikipedia.org/wiki/Uranium
83,https://en.wikipedia.org/wiki/Enrico_Fermi,https://en.wikipedia.org/wiki/Nuclear_fission_product
84,https://en.wikipedia.org/wiki/Enrico_Fermi,https://en.wikipedia.org/wiki/Italian_racial_laws
85,https://en.wikipedia.org/wiki/Enrico_Fermi,https://en.wikipedia.org/wiki/Laura_Capon
86,https://en.wikipedia.org/wiki/Enrico_Fermi,https://en.wikipedia.org/wiki/Manhattan_Project
87,https://en.wikipedia.org/wiki/Enrico_Fermi,https://en.wikipedia.org/wiki/Nuclear_chain_reaction
88,https://en.wikipedia.org/wiki/Enrico_Fermi,https://en.wikipedia.org/wiki/X-10_Graphite_Reactor
89,https://en.wikipedia.org/wiki/Enrico_Fermi,"https://en.wikipedia.org/wiki/Oak_Ridge,_Tennessee"
90,https://en.wikipedia.org/wiki/Enrico_Fermi,https://en.wikipedia.org/wiki/B_Reactor
91,https://en.wikipedia.org/wiki/Enrico_Fermi,https://en.wikipedia.org/wiki/Hanford_Site
92,https://en.wikipedia.org/wiki/Enrico_Fermi,https://en.wikipedia.org/wiki/Project_Y
93,https://en.wikipedia.org/wiki/Enrico_Fermi,https://en.wikipedia.org/wiki/Edward_Teller
94,https://en.wikipedia.org/wiki/Enrico_Fermi,https://en.wikipedia.org/wiki/Thermonuclear_fusion
95,https://en.wikipedia.org/wiki/Enrico_Fermi,https://en.wikipedia.org/wiki/History_of_the_Teller%E2%80%93Ulam_design
96,https://en.wikipedia.org/wiki/Enrico_Fermi,https://en.wikipedia.org/wiki/Trinity_(nuclear_test)
97,https://en.wikipedia.org/wiki/Enrico_Fermi,https://en.wikipedia.org/wiki/Fermi_problem
98,https://en.wikipedia.org/wiki/Enrico_Fermi,https://en.wikipedia.org/wiki/J._Robert_Oppenheimer
99,https://en.wikipedia.org/wiki/Enrico_Fermi,https://en.wikipedia.org/wiki/United_States_Atomic_Energy_Commission
100,https://en.wikipedia.org/wiki/Enrico_Fermi,https://en.wikipedia.org/wiki/Fission_bomb
101,https://en.wikipedia.org/wiki/Enrico_Fermi,https://en.wikipedia.org/wiki/Oppenheimer_security_hearing
102,https://en.wikipedia.org/wiki/Enrico_Fermi,https://en.wikipedia.org/wiki/Pion
103,https://en.wikipedia.org/wiki/Enrico_Fermi,https://en.wikipedia.org/wiki/Muon
104,https://en.wikipedia.org/wiki/Enrico_Fermi,https://en.wikipedia.org/wiki/Cosmic_ray
105,https://en.wikipedia.org/wiki/Enrico_Fermi,https://en.wikipedia.org/wiki/List_of_things_named_after_Enrico_Fermi
106,https://en.wikipedia.org/wiki/Enrico_Fermi,https://en.wikipedia.org/wiki/Enrico_Fermi_Award
107,https://en.wikipedia.org/wiki/Enrico_Fermi,https://en.wikipedia.org/wiki/Enrico_Fermi_Institute
108,https://en.wikipedia.org/wiki/Enrico_Fermi,https://en.wikipedia.org/wiki/Fermilab
109,https://en.wikipedia.org/wiki/Enrico_Fermi,https://en.wikipedia.org/wiki/Fermi_Gamma-ray_Space_Telescope
110,https://en.wikipedia.org/wiki/Enrico_Fermi,https://en.wikipedia.org/wiki/Enrico_Fermi_Nuclear_Generating_Station
111,https://en.wikipedia.org/wiki/Enrico_Fermi,https://en.wikipedia.org/wiki/Fermium
112,https://en.wikipedia.org/wiki/Enrico_Fermi,https://en.wikipedia.org/wiki/List_of_scientists_whose_names_are_used_in_chemical_element_names
113,https://en.wikipedia.org/wiki/Enrico_Fermi,https://en.wikipedia.org/w/index.php?title=Enrico_Fermi&action=edit&section=1
114,https://en.wikipedia.org/wiki/Enrico_Fermi,https://en.wikipedia.org/wiki/Wet_nurse
115,https://en.wikipedia.org/wiki/Enrico_Fermi,https://en.wikipedia.org/wiki/Roman_Catholic
116,https://en.wikipedia.org/wiki/Enrico_Fermi,https://en.wikipedia.org/wiki/Agnosticism
117,https://en.wikipedia.org/wiki/Enrico_Fermi,https://en.wikipedia.org/wiki/Electric_motor
118,https://en.wikipedia.org/wiki/Enrico_Fermi,https://en.wikipedia.org/wiki/Abscess
119,https://en.wikipedia.org/wiki/Enrico_Fermi,https://en.wikipedia.org/wiki/Milan
120,https://en.wikipedia.org/wiki/Enrico_Fermi,https://en.wikipedia.org/wiki/Campo_de%27_Fiori
121,https://en.wikipedia.org/wiki/Enrico_Fermi,https://en.wikipedia.org/wiki/Jesuit
122,https://en.wikipedia.org/wiki/Enrico_Fermi,https://en.wikipedia.org/w/index.php?title=Andrea_Caraffa&action=edit&redlink=1
123,https://en.wikipedia.org/wiki/Enrico_Fermi,https://en.wikipedia.org/wiki/Collegio_Romano
124,https://en.wikipedia.org/wiki/Enrico_Fermi,https://en.wikipedia.org/wiki/Mathematics
125,https://en.wikipedia.org/wiki/Enrico_Fermi,https://en.wikipedia.org/wiki/Classical_mechanics
126,https://en.wikipedia.org/wiki/Enrico_Fermi,https://en.wikipedia.org/wiki/Astronomy
127,https://en.wikipedia.org/wiki/Enrico_Fermi,https://en.wikipedia.org/wiki/Optics
128,https://en.wikipedia.org/wiki/Enrico_Fermi,https://en.wikipedia.org/wiki/Acoustics
129,https://en.wikipedia.org/wiki/Enrico_Fermi,https://en.wikipedia.org/wiki/Enrico_Persico
130,https://en.wikipedia.org/wiki/Enrico_Fermi,https://en.wikipedia.org/wiki/Gyroscope
131,https://en.wikipedia.org/wiki/Enrico_Fermi,https://en.wikipedia.org/wiki/Gravity
132,https://en.wikipedia.org/wiki/Enrico_Fermi,https://en.wikipedia.org/w/index.php?title=Enrico_Fermi&action=edit&section=2
133,https://en.wikipedia.org/wiki/Enrico_Fermi,https://en.wikipedia.org/wiki/Scuola_Normale_Superiore_di_Pisa
134,https://en.wikipedia.org/wiki/Enrico_Fermi,https://en.wikipedia.org/wiki/Pisa
135,https://en.wikipedia.org/wiki/Enrico_Fermi,https://en.wikipedia.org/wiki/Partial_differential_equation
136,https://en.wikipedia.org/wiki/Enrico_Fermi,https://en.wikipedia.org/wiki/Fourier_analysis
137,https://en.wikipedia.org/wiki/Enrico_Fermi,https://en.wikipedia.org/wiki/Franco_Rasetti
138,https://en.wikipedia.org/wiki/Enrico_Fermi,https://en.wikipedia.org/wiki/Luigi_Puccianti
139,https://en.wikipedia.org/wiki/Enrico_Fermi,https://en.wikipedia.org/wiki/Tensor_calculus
140,https://en.wikipedia.org/wiki/Enrico_Fermi,https://en.wikipedia.org/wiki/Gregorio_Ricci
141,https://en.wikipedia.org/wiki/Enrico_Fermi,https://en.wikipedia.org/wiki/Tullio_Levi-Civita
142,https://en.wikipedia.org/wiki/Enrico_Fermi,https://en.wikipedia.org/wiki/General_relativity
143,https://en.wikipedia.org/wiki/Enrico_Fermi,https://en.wikipedia.org/wiki/Quantum_mechanics
144,https://en.wikipedia.org/wiki/Enrico_Fermi,https://en.wikipedia.org/wiki/Atomic_physics
145,https://en.wikipedia.org/wiki/Enrico_Fermi,https://en.wikipedia.org/wiki/Nello_Carrara
146,https://en.wikipedia.org/wiki/Enrico_Fermi,https://en.wikipedia.org/wiki/X-ray_crystallography
147,https://en.wikipedia.org/wiki/Enrico_Fermi,https://en.wikipedia.org/wiki/Nuovo_Cimento
148,https://en.wikipedia.org/wiki/Enrico_Fermi,https://en.wikipedia.org/wiki/Mass
149,https://en.wikipedia.org/wiki/Enrico_Fermi,https://en.wikipedia.org/wiki/Tensor
150,https://en.wikipedia.org/wiki/Enrico_Fermi,https://en.wikipedia.org/wiki/Scalar_(physics)
151,https://en.wikipedia.org/wiki/Enrico_Fermi,https://en.wikipedia.org/wiki/Speed_of_light
152,https://en.wikipedia.org/wiki/Enrico_Fermi,https://en.wikipedia.org/wiki/Electrodynamic
153,https://en.wikipedia.org/wiki/Enrico_Fermi,https://en.wikipedia.org/wiki/Physikalische_Zeitschrift
154,https://en.wikipedia.org/wiki/Enrico_Fermi,https://en.wikipedia.org/wiki/World_line
155,https://en.wikipedia.org/wiki/Enrico_Fermi,https://en.wikipedia.org/w/index.php?title=I_Rendiconti_dell%27Accademia_dei_Lincei&action=edit&redlink=1
156,https://en.wikipedia.org/wiki/Enrico_Fermi,https://en.wikipedia.org/wiki/Principle_of_Equivalence
157,https://en.wikipedia.org/wiki/Enrico_Fermi,https://en.wikipedia.org/wiki/Fermi_coordinates
158,https://en.wikipedia.org/wiki/Enrico_Fermi,https://en.wikipedia.org/wiki/Euclidean_space
159,https://en.wikipedia.org/wiki/Enrico_Fermi,https://en.wikipedia.org/wiki/Light_cone
160,https://en.wikipedia.org/wiki/Enrico_Fermi,https://en.wikipedia.org/wiki/Spacetime
161,https://en.wikipedia.org/wiki/Enrico_Fermi,https://en.wikipedia.org/wiki/X-ray_diffraction
162,https://en.wikipedia.org/wiki/Enrico_Fermi,https://en.wikipedia.org/wiki/Theoretical_physics
163,https://en.wikipedia.org/wiki/Enrico_Fermi,https://en.wikipedia.org/wiki/Experimental_physics
164,https://en.wikipedia.org/wiki/Enrico_Fermi,https://en.wikipedia.org/wiki/August_Kopff
165,https://en.wikipedia.org/wiki/Enrico_Fermi,https://en.wikipedia.org/wiki/Mass%E2%80%93energy_equivalence
166,https://en.wikipedia.org/wiki/Enrico_Fermi,https://en.wikipedia.org/wiki/Nuclear_potential_energy
167,https://en.wikipedia.org/wiki/Enrico_Fermi,https://en.wikipedia.org/wiki/Freemasonry
168,https://en.wikipedia.org/wiki/Enrico_Fermi,https://en.wikipedia.org/wiki/Masonic_Lodge
169,https://en.wikipedia.org/wiki/Enrico_Fermi,https://en.wikipedia.org/wiki/Grand_Orient_of_Italy
170,https://en.wikipedia.org/wiki/Enrico_Fermi,https://en.wikipedia.org/wiki/Max_Born
171,https://en.wikipedia.org/wiki/Enrico_Fermi,https://en.wikipedia.org/wiki/University_of_G%C3%B6ttingen
172,https://en.wikipedia.org/wiki/Enrico_Fermi,https://en.wikipedia.org/wiki/Werner_Heisenberg
173,https://en.wikipedia.org/wiki/Enrico_Fermi,https://en.wikipedia.org/wiki/Pascual_Jordan
174,https://en.wikipedia.org/wiki/Enrico_Fermi,https://en.wikipedia.org/wiki/Leiden
175,https://en.wikipedia.org/wiki/Enrico_Fermi,https://en.wikipedia.org/wiki/Paul_Ehrenfest
176,https://en.wikipedia.org/wiki/Enrico_Fermi,https://en.wikipedia.org/wiki/Rockefeller_Foundation
177,https://en.wikipedia.org/wiki/Enrico_Fermi,https://en.wikipedia.org/wiki/Vito_Volterra
178,https://en.wikipedia.org/wiki/Enrico_Fermi,https://en.wikipedia.org/wiki/Hendrik_Lorentz
179,https://en.wikipedia.org/wiki/Enrico_Fermi,https://en.wikipedia.org/wiki/Albert_Einstein
180,https://en.wikipedia.org/wiki/Enrico_Fermi,https://en.wikipedia.org/wiki/Samuel_Goudsmit
181,https://en.wikipedia.org/wiki/Enrico_Fermi,https://en.wikipedia.org/wiki/Jan_Tinbergen
182,https://en.wikipedia.org/wiki/Enrico_Fermi,https://en.wikipedia.org/wiki/Mathematical_physics
183,https://en.wikipedia.org/wiki/Enrico_Fermi,https://en.wikipedia.org/wiki/Theoretical_mechanics
184,https://en.wikipedia.org/wiki/Enrico_Fermi,https://en.wikipedia.org/wiki/University_of_Florence
185,https://en.wikipedia.org/wiki/Enrico_Fermi,https://en.wikipedia.org/wiki/Solid_state_physics
186,https://en.wikipedia.org/wiki/Enrico_Fermi,https://en.wikipedia.org/wiki/Wolfgang_Pauli
187,https://en.wikipedia.org/wiki/Enrico_Fermi,https://en.wikipedia.org/wiki/Pauli_exclusion_principle
188,https://en.wikipedia.org/wiki/Enrico_Fermi,https://en.wikipedia.org/wiki/Physical_system
189,https://en.wikipedia.org/wiki/Enrico_Fermi,https://en.wikipedia.org/wiki/Identical_particles
190,https://en.wikipedia.org/wiki/Enrico_Fermi,https://en.wikipedia.org/wiki/Paul_Dirac
191,https://en.wikipedia.org/wiki/Enrico_Fermi,https://en.wikipedia.org/wiki/Bose%E2%80%93Einstein_statistics
192,https://en.wikipedia.org/wiki/Enrico_Fermi,https://en.wikipedia.org/wiki/Fermi%E2%80%93Dirac_statistics
193,https://en.wikipedia.org/wiki/Enrico_Fermi,https://en.wikipedia.org/wiki/Fermion
194,https://en.wikipedia.org/wiki/Enrico_Fermi,https://en.wikipedia.org/wiki/Boson
195,https://en.wikipedia.org/wiki/Enrico_Fermi,https://en.wikipedia.org/w/index.php?title=Enrico_Fermi&action=edit&section=3
196,https://en.wikipedia.org/wiki/Enrico_Fermi,https://en.wikipedia.org/wiki/Via_Panisperna_boys
197,https://en.wikipedia.org/wiki/Enrico_Fermi,https://en.wikipedia.org/wiki/Oscar_D%27Agostino
198,https://en.wikipedia.org/wiki/Enrico_Fermi,https://en.wikipedia.org/wiki/Emilio_Segr%C3%A8
199,https://en.wikipedia.org/wiki/Enrico_Fermi,https://en.wikipedia.org/wiki/Edoardo_Amaldi
200,https://en.wikipedia.org/wiki/Enrico_Fermi,https://en.wikipedia.org/wiki/Franco_Rasetti
201,https://en.wikipedia.org/wiki/Enrico_Fermi,https://en.wikipedia.org/wiki/University_of_Cagliari
202,https://en.wikipedia.org/wiki/Enrico_Fermi,https://en.wikipedia.org/wiki/Sardinia
203,https://en.wikipedia.org/wiki/Enrico_Fermi,https://en.wikipedia.org/wiki/Giovanni_Giorgi
204,https://en.wikipedia.org/wiki/Enrico_Fermi,https://en.wikipedia.org/wiki/Sapienza_University_of_Rome
205,https://en.wikipedia.org/wiki/Enrico_Fermi,https://en.wikipedia.org/wiki/Orso_Mario_Corbino
206,https://en.wikipedia.org/wiki/Enrico_Fermi,https://en.wikipedia.org/wiki/Benito_Mussolini
207,https://en.wikipedia.org/wiki/Enrico_Fermi,https://en.wikipedia.org/wiki/Aldo_Pontremoli
208,https://en.wikipedia.org/wiki/Enrico_Fermi,https://en.wikipedia.org/wiki/Edoardo_Amaldi
209,https://en.wikipedia.org/wiki/Enrico_Fermi,https://en.wikipedia.org/wiki/Bruno_Pontecorvo
210,https://en.wikipedia.org/wiki/Enrico_Fermi,https://en.wikipedia.org/wiki/Ettore_Majorana
211,https://en.wikipedia.org/wiki/Enrico_Fermi,https://en.wikipedia.org/wiki/Emilio_Segr%C3%A8
212,https://en.wikipedia.org/wiki/Enrico_Fermi,https://en.wikipedia.org/wiki/Via_Panisperna_boys
213,https://en.wikipedia.org/wiki/Enrico_Fermi,https://en.wikipedia.org/wiki/Laura_Capon
214,https://en.wikipedia.org/wiki/Enrico_Fermi,https://en.wikipedia.org/wiki/Royal_Academy_of_Italy
215,https://en.wikipedia.org/wiki/Enrico_Fermi,https://en.wikipedia.org/wiki/Fascist_Party
216,https://en.wikipedia.org/wiki/Enrico_Fermi,https://en.wikipedia.org/wiki/Italian_Racial_Laws
217,https://en.wikipedia.org/wiki/Enrico_Fermi,https://en.wikipedia.org/wiki/National_Socialism
218,https://en.wikipedia.org/wiki/Enrico_Fermi,https://en.wikipedia.org/wiki/Hans_Bethe
219,https://en.wikipedia.org/wiki/Enrico_Fermi,https://en.wikipedia.org/wiki/German_language
220,https://en.wikipedia.org/wiki/Enrico_Fermi,https://en.wikipedia.org/wiki/Beta_decay
221,https://en.wikipedia.org/wiki/Enrico_Fermi,https://en.wikipedia.org/wiki/Electron
222,https://en.wikipedia.org/wiki/Enrico_Fermi,https://en.wikipedia.org/wiki/Atomic_nucleus
223,https://en.wikipedia.org/wiki/Enrico_Fermi,https://en.wikipedia.org/wiki/Conservation_of_energy
224,https://en.wikipedia.org/wiki/Enrico_Fermi,https://en.wikipedia.org/wiki/Neutrino
225,https://en.wikipedia.org/wiki/Enrico_Fermi,https://en.wikipedia.org/wiki/Fermi%27s_interaction
226,https://en.wikipedia.org/wiki/Enrico_Fermi,https://en.wikipedia.org/wiki/Weak_interaction
227,https://en.wikipedia.org/wiki/Enrico_Fermi,https://en.wikipedia.org/wiki/Fundamental_forces_of_nature
228,https://en.wikipedia.org/wiki/Enrico_Fermi,https://en.wikipedia.org/wiki/Nature_(journal)
229,https://en.wikipedia.org/wiki/Enrico_Fermi,https://en.wikipedia.org/wiki/Ir%C3%A8ne_Joliot-Curie
230,https://en.wikipedia.org/wiki/Enrico_Fermi,https://en.wikipedia.org/wiki/Fr%C3%A9d%C3%A9ric_Joliot
231,https://en.wikipedia.org/wiki/Enrico_Fermi,https://en.wikipedia.org/wiki/Alpha_particle
232,https://en.wikipedia.org/wiki/Enrico_Fermi,https://en.wikipedia.org/wiki/Radioactivity
233,https://en.wikipedia.org/wiki/Enrico_Fermi,https://en.wikipedia.org/wiki/Gian-Carlo_Wick
234,https://en.wikipedia.org/wiki/Enrico_Fermi,https://en.wikipedia.org/wiki/Neutron
235,https://en.wikipedia.org/wiki/Enrico_Fermi,https://en.wikipedia.org/wiki/James_Chadwick
236,https://en.wikipedia.org/wiki/Enrico_Fermi,https://en.wikipedia.org/wiki/Polonium
237,https://en.wikipedia.org/wiki/Enrico_Fermi,https://en.wikipedia.org/wiki/Beryllium
238,https://en.wikipedia.org/wiki/Enrico_Fermi,https://en.wikipedia.org/wiki/Neutron_source
239,https://en.wikipedia.org/wiki/Enrico_Fermi,https://en.wikipedia.org/wiki/Particle_accelerator
240,https://en.wikipedia.org/wiki/Enrico_Fermi,https://en.wikipedia.org/wiki/File:RasettiFermiSegre.JPG
241,https://en.wikipedia.org/wiki/Enrico_Fermi,https://en.wikipedia.org/wiki/File:RasettiFermiSegre.JPG
242,https://en.wikipedia.org/wiki/Enrico_Fermi,https://en.wikipedia.org/wiki/Franco_Rasetti
243,https://en.wikipedia.org/wiki/Enrico_Fermi,https://en.wikipedia.org/wiki/Emilio_Segr%C3%A8
244,https://en.wikipedia.org/wiki/Enrico_Fermi,https://en.wikipedia.org/wiki/Academic_dress
245,https://en.wikipedia.org/wiki/Enrico_Fermi,https://en.wikipedia.org/wiki/Radon
246,https://en.wikipedia.org/wiki/Enrico_Fermi,https://en.wikipedia.org/wiki/Curie
247,https://en.wikipedia.org/wiki/Enrico_Fermi,https://en.wikipedia.org/w/index.php?title=Giulio_Cesare_Trabacchi&action=edit&redlink=1
248,https://en.wikipedia.org/wiki/Enrico_Fermi,https://en.wikipedia.org/wiki/Half-life
249,https://en.wikipedia.org/wiki/Enrico_Fermi,https://en.wikipedia.org/wiki/Gamma_ray
250,https://en.wikipedia.org/wiki/Enrico_Fermi,https://en.wikipedia.org/wiki/Platinum
251,https://en.wikipedia.org/wiki/Enrico_Fermi,https://en.wikipedia.org/wiki/Atomic_number
252,https://en.wikipedia.org/wiki/Enrico_Fermi,https://en.wikipedia.org/wiki/Aluminium
253,https://en.wikipedia.org/wiki/Enrico_Fermi,https://en.wikipedia.org/wiki/Sodium
254,https://en.wikipedia.org/wiki/Enrico_Fermi,https://en.wikipedia.org/wiki/Magnesium
255,https://en.wikipedia.org/wiki/Enrico_Fermi,https://en.wikipedia.org/wiki/Lead
256,https://en.wikipedia.org/wiki/Enrico_Fermi,https://en.wikipedia.org/wiki/Fluorine
257,https://en.wikipedia.org/wiki/Enrico_Fermi,https://en.wikipedia.org/wiki/Calcium_fluoride
258,https://en.wikipedia.org/wiki/Enrico_Fermi,https://en.wikipedia.org/wiki/Nitrogen
259,https://en.wikipedia.org/wiki/Enrico_Fermi,https://en.wikipedia.org/wiki/Oxygen
260,https://en.wikipedia.org/wiki/Enrico_Fermi,https://en.wikipedia.org/wiki/Thorium
261,https://en.wikipedia.org/wiki/Enrico_Fermi,https://en.wikipedia.org/wiki/Uranium
262,https://en.wikipedia.org/wiki/Enrico_Fermi,https://en.wikipedia.org/wiki/Hesperium
263,https://en.wikipedia.org/wiki/Enrico_Fermi,https://en.wikipedia.org/wiki/Ausonium
264,https://en.wikipedia.org/wiki/Enrico_Fermi,https://en.wikipedia.org/wiki/Ida_Noddack
265,https://en.wikipedia.org/wiki/Enrico_Fermi,https://en.wikipedia.org/wiki/Technetium
266,https://en.wikipedia.org/wiki/Enrico_Fermi,https://en.wikipedia.org/wiki/Beta_decay
267,https://en.wikipedia.org/wiki/Enrico_Fermi,https://en.wikipedia.org/wiki/Neutron
268,https://en.wikipedia.org/wiki/Enrico_Fermi,https://en.wikipedia.org/wiki/Proton
269,https://en.wikipedia.org/wiki/Enrico_Fermi,https://en.wikipedia.org/wiki/Electron
270,https://en.wikipedia.org/wiki/Enrico_Fermi,https://en.wikipedia.org/wiki/Neutrino
271,https://en.wikipedia.org/wiki/Enrico_Fermi,https://en.wikipedia.org/wiki/Paraffin_wax
272,https://en.wikipedia.org/wiki/Enrico_Fermi,https://en.wikipedia.org/wiki/Silver
273,https://en.wikipedia.org/wiki/Enrico_Fermi,https://en.wikipedia.org/wiki/Slow_neutron
274,https://en.wikipedia.org/wiki/Enrico_Fermi,https://en.wikipedia.org/wiki/Neutron_capture
275,https://en.wikipedia.org/wiki/Enrico_Fermi,https://en.wikipedia.org/wiki/Diffusion_equation
276,https://en.wikipedia.org/wiki/Enrico_Fermi,https://en.wikipedia.org/wiki/Fermi_age_equation
277,https://en.wikipedia.org/wiki/Enrico_Fermi,https://en.wikipedia.org/wiki/Nobel_Prize_in_Physics
278,https://en.wikipedia.org/wiki/Enrico_Fermi,https://en.wikipedia.org/wiki/Nuclear_reaction
279,https://en.wikipedia.org/wiki/Enrico_Fermi,https://en.wikipedia.org/wiki/Stockholm
280,https://en.wikipedia.org/wiki/Enrico_Fermi,https://en.wikipedia.org/w/index.php?title=Enrico_Fermi&action=edit&section=4
281,https://en.wikipedia.org/wiki/Enrico_Fermi,https://en.wikipedia.org/wiki/Columbia_University
282,https://en.wikipedia.org/wiki/Enrico_Fermi,https://en.wikipedia.org/wiki/Otto_Hahn
283,https://en.wikipedia.org/wiki/Enrico_Fermi,https://en.wikipedia.org/wiki/Fritz_Strassmann
284,https://en.wikipedia.org/wiki/Enrico_Fermi,https://en.wikipedia.org/wiki/Barium
285,https://en.wikipedia.org/wiki/Enrico_Fermi,https://en.wikipedia.org/wiki/Lise_Meitner
286,https://en.wikipedia.org/wiki/Enrico_Fermi,https://en.wikipedia.org/wiki/Otto_Frisch
287,https://en.wikipedia.org/wiki/Enrico_Fermi,https://en.wikipedia.org/wiki/Nuclear_fission
288,https://en.wikipedia.org/wiki/Enrico_Fermi,https://en.wikipedia.org/wiki/Niels_Bohr
289,https://en.wikipedia.org/wiki/Enrico_Fermi,https://en.wikipedia.org/wiki/Princeton_University
290,https://en.wikipedia.org/wiki/Enrico_Fermi,https://en.wikipedia.org/wiki/Isidor_Isaac_Rabi
291,https://en.wikipedia.org/wiki/Enrico_Fermi,https://en.wikipedia.org/wiki/Willis_Lamb
292,https://en.wikipedia.org/wiki/Enrico_Fermi,https://en.wikipedia.org/wiki/Nuclear_power
293,https://en.wikipedia.org/wiki/Enrico_Fermi,https://en.wikipedia.org/wiki/Binding_energy
294,https://en.wikipedia.org/wiki/Enrico_Fermi,https://en.wikipedia.org/wiki/Nuclide
295,https://en.wikipedia.org/wiki/Enrico_Fermi,https://en.wikipedia.org/wiki/Transuranic_elements
296,https://en.wikipedia.org/wiki/Enrico_Fermi,https://en.wikipedia.org/wiki/Fission_products
297,https://en.wikipedia.org/wiki/Enrico_Fermi,https://en.wikipedia.org/wiki/Chicago_Pile-1
298,https://en.wikipedia.org/wiki/Enrico_Fermi,https://en.wikipedia.org/wiki/Pupin_Hall
299,https://en.wikipedia.org/wiki/Enrico_Fermi,https://en.wikipedia.org/wiki/Herbert_L._Anderson
300,https://en.wikipedia.org/wiki/Enrico_Fermi,https://en.wikipedia.org/wiki/Eugene_T._Booth
301,https://en.wikipedia.org/wiki/Enrico_Fermi,https://en.wikipedia.org/wiki/John_R._Dunning
302,https://en.wikipedia.org/wiki/Enrico_Fermi,https://en.wikipedia.org/wiki/G._N._Glasoe
303,https://en.wikipedia.org/wiki/Enrico_Fermi,https://en.wikipedia.org/wiki/Francis_G._Slack
304,https://en.wikipedia.org/wiki/Enrico_Fermi,https://en.wikipedia.org/wiki/George_Washington_University
305,https://en.wikipedia.org/wiki/Enrico_Fermi,https://en.wikipedia.org/wiki/Carnegie_Institution_of_Washington
306,https://en.wikipedia.org/wiki/Enrico_Fermi,https://en.wikipedia.org/wiki/Hans_von_Halban
307,https://en.wikipedia.org/wiki/Enrico_Fermi,https://en.wikipedia.org/wiki/Lew_Kowarski
308,https://en.wikipedia.org/wiki/Enrico_Fermi,https://en.wikipedia.org/wiki/Fr%C3%A9d%C3%A9ric_Joliot-Curie
309,https://en.wikipedia.org/wiki/Enrico_Fermi,https://en.wikipedia.org/wiki/Le%C3%B3_Szil%C3%A1rd
310,https://en.wikipedia.org/wiki/Enrico_Fermi,https://en.wikipedia.org/wiki/Uranium_oxide
311,https://en.wikipedia.org/wiki/Enrico_Fermi,https://en.wikipedia.org/wiki/Radium
312,https://en.wikipedia.org/wiki/Enrico_Fermi,https://en.wikipedia.org/wiki/Eldorado_Mining_and_Refining_Limited
313,https://en.wikipedia.org/wiki/Enrico_Fermi,https://en.wikipedia.org/wiki/Nuclear_reactor
314,https://en.wikipedia.org/wiki/Enrico_Fermi,https://en.wikipedia.org/wiki/Neutron_moderator
315,https://en.wikipedia.org/wiki/Enrico_Fermi,https://en.wikipedia.org/wiki/Graphite
316,https://en.wikipedia.org/wiki/Enrico_Fermi,https://en.wikipedia.org/wiki/Navy_Department
317,https://en.wikipedia.org/wiki/Enrico_Fermi,https://en.wikipedia.org/wiki/Eugene_Wigner
318,https://en.wikipedia.org/wiki/Enrico_Fermi,https://en.wikipedia.org/wiki/Edward_Teller
319,https://en.wikipedia.org/wiki/Enrico_Fermi,https://en.wikipedia.org/wiki/Einstein%E2%80%93Szil%C3%A1rd_letter
320,https://en.wikipedia.org/wiki/Enrico_Fermi,https://en.wikipedia.org/wiki/Franklin_D._Roosevelt
321,https://en.wikipedia.org/wiki/Enrico_Fermi,https://en.wikipedia.org/wiki/Nazi_Germany
322,https://en.wikipedia.org/wiki/Enrico_Fermi,https://en.wikipedia.org/wiki/Atomic_bomb
323,https://en.wikipedia.org/wiki/Enrico_Fermi,https://en.wikipedia.org/wiki/Advisory_Committee_on_Uranium
324,https://en.wikipedia.org/wiki/Enrico_Fermi,https://en.wikipedia.org/wiki/File:Enrico_Fermi_ID_badge.png
325,https://en.wikipedia.org/wiki/Enrico_Fermi,https://en.wikipedia.org/wiki/File:Enrico_Fermi_ID_badge.png
326,https://en.wikipedia.org/wiki/Enrico_Fermi,https://en.wikipedia.org/wiki/Los_Alamos_National_Laboratory
327,https://en.wikipedia.org/wiki/Enrico_Fermi,https://en.wikipedia.org/wiki/Office_of_Scientific_Research_and_Development
328,https://en.wikipedia.org/wiki/Enrico_Fermi,https://en.wikipedia.org/wiki/World_War_II
329,https://en.wikipedia.org/wiki/Enrico_Fermi,https://en.wikipedia.org/wiki/Enriched_uranium
330,https://en.wikipedia.org/wiki/Enrico_Fermi,https://en.wikipedia.org/wiki/Arthur_Compton
331,https://en.wikipedia.org/wiki/Enrico_Fermi,https://en.wikipedia.org/wiki/Plutonium
332,https://en.wikipedia.org/wiki/Enrico_Fermi,https://en.wikipedia.org/wiki/University_of_Chicago
333,https://en.wikipedia.org/wiki/Enrico_Fermi,https://en.wikipedia.org/wiki/Metallurgical_Laboratory
334,https://en.wikipedia.org/wiki/Enrico_Fermi,https://en.wikipedia.org/wiki/Stone_%26_Webster
335,https://en.wikipedia.org/wiki/Enrico_Fermi,https://en.wikipedia.org/wiki/Squash_(sport)
336,https://en.wikipedia.org/wiki/Enrico_Fermi,https://en.wikipedia.org/wiki/Stagg_Field
337,https://en.wikipedia.org/wiki/Enrico_Fermi,https://en.wikipedia.org/wiki/Chicago_Pile-1
338,https://en.wikipedia.org/wiki/Enrico_Fermi,https://en.wikipedia.org/wiki/James_B._Conant
339,https://en.wikipedia.org/wiki/Enrico_Fermi,https://en.wikipedia.org/wiki/National_Defense_Research_Committee
340,https://en.wikipedia.org/wiki/Enrico_Fermi,https://en.wikipedia.org/wiki/Harvard_University
341,https://en.wikipedia.org/wiki/Enrico_Fermi,https://en.wikipedia.org/wiki/Ernest_O._Lawrence
342,https://en.wikipedia.org/wiki/Enrico_Fermi,https://en.wikipedia.org/wiki/Isidor_Isaac_Rabi
343,https://en.wikipedia.org/wiki/Enrico_Fermi,https://en.wikipedia.org/wiki/X-10_Graphite_Reactor
344,https://en.wikipedia.org/wiki/Enrico_Fermi,https://en.wikipedia.org/wiki/Oak_Ridge_National_Laboratory
345,https://en.wikipedia.org/wiki/Enrico_Fermi,https://en.wikipedia.org/wiki/DuPont
346,https://en.wikipedia.org/wiki/Enrico_Fermi,https://en.wikipedia.org/wiki/B_Reactor
347,https://en.wikipedia.org/wiki/Enrico_Fermi,https://en.wikipedia.org/wiki/Hanford_Site
348,https://en.wikipedia.org/wiki/Enrico_Fermi,https://en.wikipedia.org/wiki/Control_rod
349,https://en.wikipedia.org/wiki/Enrico_Fermi,https://en.wikipedia.org/wiki/Neutron_poison
350,https://en.wikipedia.org/wiki/Enrico_Fermi,https://en.wikipedia.org/wiki/Xenon-135
351,https://en.wikipedia.org/wiki/Enrico_Fermi,https://en.wikipedia.org/wiki/FERMIAC
352,https://en.wikipedia.org/wiki/Enrico_Fermi,https://en.wikipedia.org/wiki/Analog_device
353,https://en.wikipedia.org/wiki/Enrico_Fermi,https://en.wikipedia.org/wiki/Robert_Oppenheimer
354,https://en.wikipedia.org/wiki/Enrico_Fermi,https://en.wikipedia.org/wiki/Los_Alamos_Laboratory
355,https://en.wikipedia.org/wiki/Enrico_Fermi,"https://en.wikipedia.org/wiki/Los_Alamos,_New_Mexico"
356,https://en.wikipedia.org/wiki/Enrico_Fermi,https://en.wikipedia.org/wiki/History_of_the_Teller%E2%80%93Ulam_design
357,https://en.wikipedia.org/wiki/Enrico_Fermi,https://en.wikipedia.org/wiki/Aqueous_homogeneous_reactor
358,https://en.wikipedia.org/wiki/Enrico_Fermi,https://en.wikipedia.org/wiki/Research_reactor
359,https://en.wikipedia.org/wiki/Enrico_Fermi,https://en.wikipedia.org/wiki/Egon_Bretscher
360,https://en.wikipedia.org/wiki/Enrico_Fermi,https://en.wikipedia.org/wiki/Trinity_test
361,https://en.wikipedia.org/wiki/Enrico_Fermi,https://en.wikipedia.org/wiki/Ernest_Lawrence
362,https://en.wikipedia.org/wiki/Enrico_Fermi,https://en.wikipedia.org/wiki/Interim_Committee
363,https://en.wikipedia.org/wiki/Enrico_Fermi,https://en.wikipedia.org/wiki/Atomic_bombings_of_Hiroshima_and_Nagasaki
364,https://en.wikipedia.org/wiki/Enrico_Fermi,https://en.wikipedia.org/wiki/Public_address_system
365,https://en.wikipedia.org/wiki/Enrico_Fermi,https://en.wikipedia.org/wiki/World_government
366,https://en.wikipedia.org/wiki/Enrico_Fermi,https://en.wikipedia.org/wiki/Association_of_Los_Alamos_Scientists
367,https://en.wikipedia.org/wiki/Enrico_Fermi,https://en.wikipedia.org/w/index.php?title=Enrico_Fermi&action=edit&section=5
368,https://en.wikipedia.org/wiki/Enrico_Fermi,https://en.wikipedia.org/wiki/U.S._National_Academy_of_Sciences
369,https://en.wikipedia.org/wiki/Enrico_Fermi,https://en.wikipedia.org/wiki/Argonne_National_Laboratory
370,https://en.wikipedia.org/wiki/Enrico_Fermi,https://en.wikipedia.org/wiki/United_States_Department_of_Energy_National_Laboratories
371,https://en.wikipedia.org/wiki/Enrico_Fermi,https://en.wikipedia.org/wiki/Neutron_scattering
372,https://en.wikipedia.org/wiki/Enrico_Fermi,https://en.wikipedia.org/wiki/Leona_Marshall
373,https://en.wikipedia.org/wiki/Enrico_Fermi,https://en.wikipedia.org/wiki/Maria_Mayer
374,https://en.wikipedia.org/wiki/Enrico_Fermi,https://en.wikipedia.org/wiki/Spin%E2%80%93orbit_interaction
375,https://en.wikipedia.org/wiki/Enrico_Fermi,https://en.wikipedia.org/wiki/United_States_Atomic_Energy_Commission
376,https://en.wikipedia.org/wiki/Enrico_Fermi,https://en.wikipedia.org/wiki/Nicholas_Metropolis
377,https://en.wikipedia.org/wiki/Enrico_Fermi,https://en.wikipedia.org/wiki/John_von_Neumann
378,https://en.wikipedia.org/wiki/Enrico_Fermi,https://en.wikipedia.org/wiki/Rayleigh%E2%80%93Taylor_instability
379,https://en.wikipedia.org/wiki/Enrico_Fermi,https://en.wikipedia.org/wiki/Laura_Fermi
380,https://en.wikipedia.org/wiki/Enrico_Fermi,https://en.wikipedia.org/wiki/Enrico_Fermi_Institute
381,https://en.wikipedia.org/wiki/Enrico_Fermi,https://en.wikipedia.org/wiki/Fission_bomb
382,https://en.wikipedia.org/wiki/Enrico_Fermi,https://en.wikipedia.org/wiki/Stanislaw_Ulam
383,https://en.wikipedia.org/wiki/Enrico_Fermi,https://en.wikipedia.org/wiki/Tritium
384,https://en.wikipedia.org/wiki/Enrico_Fermi,https://en.wikipedia.org/wiki/Nuclear_fusion
385,https://en.wikipedia.org/wiki/Enrico_Fermi,https://en.wikipedia.org/wiki/Oppenheimer_security_hearing
386,https://en.wikipedia.org/wiki/Enrico_Fermi,https://en.wikipedia.org/wiki/Owen_Chamberlain
387,https://en.wikipedia.org/wiki/Enrico_Fermi,https://en.wikipedia.org/wiki/Geoffrey_Chew
388,https://en.wikipedia.org/wiki/Enrico_Fermi,https://en.wikipedia.org/wiki/Jerome_Isaac_Friedman
389,https://en.wikipedia.org/wiki/Enrico_Fermi,https://en.wikipedia.org/wiki/Marvin_Goldberger
390,https://en.wikipedia.org/wiki/Enrico_Fermi,https://en.wikipedia.org/wiki/Tsung-Dao_Lee
391,https://en.wikipedia.org/wiki/Enrico_Fermi,https://en.wikipedia.org/wiki/Arthur_Rosenfeld
392,https://en.wikipedia.org/wiki/Enrico_Fermi,https://en.wikipedia.org/wiki/Sam_Treiman
393,https://en.wikipedia.org/wiki/Enrico_Fermi,https://en.wikipedia.org/wiki/Jack_Steinberger
394,https://en.wikipedia.org/wiki/Enrico_Fermi,https://en.wikipedia.org/wiki/Mildred_Dresselhaus
395,https://en.wikipedia.org/wiki/Enrico_Fermi,https://en.wikipedia.org/wiki/Pion
396,https://en.wikipedia.org/wiki/Enrico_Fermi,https://en.wikipedia.org/wiki/Muon
397,https://en.wikipedia.org/wiki/Enrico_Fermi,https://en.wikipedia.org/wiki/Nucleon
398,https://en.wikipedia.org/wiki/Enrico_Fermi,https://en.wikipedia.org/wiki/Statistical_methods
399,https://en.wikipedia.org/wiki/Enrico_Fermi,https://en.wikipedia.org/wiki/Chen_Ning_Yang
400,https://en.wikipedia.org/wiki/Enrico_Fermi,https://en.wikipedia.org/wiki/Shoichi_Sakata
401,https://en.wikipedia.org/wiki/Enrico_Fermi,https://en.wikipedia.org/wiki/Quark_model
402,https://en.wikipedia.org/wiki/Enrico_Fermi,https://en.wikipedia.org/wiki/Cosmic_radiation
403,https://en.wikipedia.org/wiki/Enrico_Fermi,https://en.wikipedia.org/wiki/Spiral_galaxy
404,https://en.wikipedia.org/wiki/Enrico_Fermi,https://en.wikipedia.org/wiki/Fermi_paradox
405,https://en.wikipedia.org/wiki/Enrico_Fermi,https://en.wikipedia.org/wiki/Chicago
406,https://en.wikipedia.org/wiki/Enrico_Fermi,https://en.wikipedia.org/wiki/Illinois
407,https://en.wikipedia.org/wiki/Enrico_Fermi,https://en.wikipedia.org/w/index.php?title=Enrico_Fermi&action=edit&section=6
408,https://en.wikipedia.org/wiki/Enrico_Fermi,https://en.wikipedia.org/wiki/Stomach_cancer
409,https://en.wikipedia.org/wiki/Enrico_Fermi,https://en.wikipedia.org/wiki/Rockefeller_Chapel
410,https://en.wikipedia.org/wiki/Enrico_Fermi,https://en.wikipedia.org/wiki/Samuel_K._Allison
411,https://en.wikipedia.org/wiki/Enrico_Fermi,https://en.wikipedia.org/wiki/Oak_Woods_Cemetery
412,https://en.wikipedia.org/wiki/Enrico_Fermi,https://en.wikipedia.org/w/index.php?title=Enrico_Fermi&action=edit&section=7
413,https://en.wikipedia.org/wiki/Enrico_Fermi,https://en.wikipedia.org/w/index.php?title=Enrico_Fermi&action=edit&section=8
414,https://en.wikipedia.org/wiki/Enrico_Fermi,https://en.wikipedia.org/wiki/Matteucci_Medal
415,https://en.wikipedia.org/wiki/Enrico_Fermi,https://en.wikipedia.org/wiki/Hughes_Medal
416,https://en.wikipedia.org/wiki/Enrico_Fermi,https://en.wikipedia.org/wiki/Franklin_Medal
417,https://en.wikipedia.org/wiki/Enrico_Fermi,https://en.wikipedia.org/wiki/Rumford_Prize
418,https://en.wikipedia.org/wiki/Enrico_Fermi,https://en.wikipedia.org/wiki/Medal_for_Merit
419,https://en.wikipedia.org/wiki/Enrico_Fermi,https://en.wikipedia.org/wiki/List_of_Fellows_of_the_Royal_Society_elected_in_1950
420,https://en.wikipedia.org/wiki/Enrico_Fermi,https://en.wikipedia.org/wiki/Basilica_of_Santa_Croce
421,https://en.wikipedia.org/wiki/Enrico_Fermi,https://en.wikipedia.org/wiki/Florence
422,https://en.wikipedia.org/wiki/Enrico_Fermi,https://en.wikipedia.org/wiki/Time_(magazine)
423,https://en.wikipedia.org/wiki/Enrico_Fermi,https://en.wikipedia.org/wiki/C._P._Snow
424,https://en.wikipedia.org/wiki/Enrico_Fermi,https://en.wikipedia.org/wiki/Ernest_Rutherford
425,https://en.wikipedia.org/wiki/Enrico_Fermi,https://en.wikipedia.org/wiki/Bohr_model
426,https://en.wikipedia.org/wiki/Enrico_Fermi,https://en.wikipedia.org/wiki/Victor_Weisskopf
427,https://en.wikipedia.org/wiki/Enrico_Fermi,https://en.wikipedia.org/wiki/Fermi_problem
428,https://en.wikipedia.org/wiki/Enrico_Fermi,https://en.wikipedia.org/wiki/Alessandro_Volta
429,https://en.wikipedia.org/wiki/Enrico_Fermi,https://en.wikipedia.org/wiki/Quark
430,https://en.wikipedia.org/wiki/Enrico_Fermi,https://en.wikipedia.org/wiki/Lepton
431,https://en.wikipedia.org/wiki/Enrico_Fermi,https://en.wikipedia.org/w/index.php?title=Enrico_Fermi&action=edit&section=9
432,https://en.wikipedia.org/wiki/Enrico_Fermi,"https://en.wikipedia.org/wiki/Santa_Croce,_Florence"
433,https://en.wikipedia.org/wiki/Enrico_Fermi,https://en.wikipedia.org/wiki/List_of_things_named_after_Enrico_Fermi
434,https://en.wikipedia.org/wiki/Enrico_Fermi,https://en.wikipedia.org/wiki/Fermilab
435,https://en.wikipedia.org/wiki/Enrico_Fermi,"https://en.wikipedia.org/wiki/Batavia,_Illinois"
436,https://en.wikipedia.org/wiki/Enrico_Fermi,https://en.wikipedia.org/wiki/Fermi_Gamma-ray_Space_Telescope
437,https://en.wikipedia.org/wiki/Enrico_Fermi,https://en.wikipedia.org/wiki/Fermi_1
438,https://en.wikipedia.org/wiki/Enrico_Fermi,https://en.wikipedia.org/wiki/Fermi_2
439,https://en.wikipedia.org/wiki/Enrico_Fermi,"https://en.wikipedia.org/wiki/Newport,_Michigan"
440,https://en.wikipedia.org/wiki/Enrico_Fermi,https://en.wikipedia.org/wiki/Enrico_Fermi_Nuclear_Power_Plant_(Italy)
441,https://en.wikipedia.org/wiki/Enrico_Fermi,https://en.wikipedia.org/wiki/Trino_Vercellese
442,https://en.wikipedia.org/wiki/Enrico_Fermi,https://en.wikipedia.org/wiki/RA-1_Enrico_Fermi
443,https://en.wikipedia.org/wiki/Enrico_Fermi,https://en.wikipedia.org/wiki/Argentina
444,https://en.wikipedia.org/wiki/Enrico_Fermi,https://en.wikipedia.org/wiki/Ivy_Mike
445,https://en.wikipedia.org/wiki/Enrico_Fermi,https://en.wikipedia.org/wiki/Fermium
446,https://en.wikipedia.org/wiki/Enrico_Fermi,https://en.wikipedia.org/wiki/List_of_scientists_whose_names_are_used_in_chemical_element_names
447,https://en.wikipedia.org/wiki/Enrico_Fermi,https://en.wikipedia.org/wiki/Fermi_Award
448,https://en.wikipedia.org/wiki/Enrico_Fermi,https://en.wikipedia.org/w/index.php?title=Enrico_Fermi&action=edit&section=10
449,https://en.wikipedia.org/wiki/Enrico_Fermi,https://en.wikipedia.org/wiki/OCLC
450,https://en.wikipedia.org/wiki/Enrico_Fermi,https://www.worldcat.org/oclc/9653646
451,https://en.wikipedia.org/wiki/Enrico_Fermi,https://en.wikipedia.org/wiki/OCLC
452,https://en.wikipedia.org/wiki/Enrico_Fermi,https://www.worldcat.org/oclc/9653646
453,https://en.wikipedia.org/wiki/Enrico_Fermi,https://en.wikipedia.org/wiki/OCLC
454,https://en.wikipedia.org/wiki/Enrico_Fermi,https://www.worldcat.org/oclc/19918218
455,https://en.wikipedia.org/wiki/Enrico_Fermi,https://en.wikipedia.org/wiki/OCLC
456,https://en.wikipedia.org/wiki/Enrico_Fermi,https://www.worldcat.org/oclc/2379038
457,https://en.wikipedia.org/wiki/Enrico_Fermi,https://en.wikipedia.org/wiki/Edoardo_Amaldi
458,https://en.wikipedia.org/wiki/Enrico_Fermi,https://en.wikipedia.org/wiki/OCLC
459,https://en.wikipedia.org/wiki/Enrico_Fermi,https://www.worldcat.org/oclc/362513
460,https://en.wikipedia.org/wiki/Enrico_Fermi,https://en.wikipedia.org/wiki/OCLC
461,https://en.wikipedia.org/wiki/Enrico_Fermi,https://www.worldcat.org/oclc/1448078
462,https://en.wikipedia.org/wiki/Enrico_Fermi,https://en.wikipedia.org/w/index.php?title=Enrico_Fermi&action=edit&section=11
463,https://en.wikipedia.org/wiki/Enrico_Fermi,https://worldwide.espacenet.com/textdoc?DB=EPODOC&IDX=US2206634
464,https://en.wikipedia.org/wiki/Enrico_Fermi,https://worldwide.espacenet.com/textdoc?DB=EPODOC&IDX=US2836554
465,https://en.wikipedia.org/wiki/Enrico_Fermi,https://worldwide.espacenet.com/textdoc?DB=EPODOC&IDX=US2524379
466,https://en.wikipedia.org/wiki/Enrico_Fermi,https://worldwide.espacenet.com/textdoc?DB=EPODOC&IDX=US2852461
467,https://en.wikipedia.org/wiki/Enrico_Fermi,https://worldwide.espacenet.com/textdoc?DB=EPODOC&IDX=US2708656
468,https://en.wikipedia.org/wiki/Enrico_Fermi,https://worldwide.espacenet.com/textdoc?DB=EPODOC&IDX=US2768134
469,https://en.wikipedia.org/wiki/Enrico_Fermi,https://worldwide.espacenet.com/textdoc?DB=EPODOC&IDX=US2780595
470,https://en.wikipedia.org/wiki/Enrico_Fermi,https://worldwide.espacenet.com/textdoc?DB=EPODOC&IDX=US2798847
471,https://en.wikipedia.org/wiki/Enrico_Fermi,https://worldwide.espacenet.com/textdoc?DB=EPODOC&IDX=US2807581
472,https://en.wikipedia.org/wiki/Enrico_Fermi,https://worldwide.espacenet.com/textdoc?DB=EPODOC&IDX=US2807727
473,https://en.wikipedia.org/wiki/Enrico_Fermi,https://worldwide.espacenet.com/textdoc?DB=EPODOC&IDX=US2813070
474,https://en.wikipedia.org/wiki/Enrico_Fermi,https://worldwide.espacenet.com/textdoc?DB=EPODOC&IDX=US2837477
475,https://en.wikipedia.org/wiki/Enrico_Fermi,https://worldwide.espacenet.com/textdoc?DB=EPODOC&IDX=US2931762
476,https://en.wikipedia.org/wiki/Enrico_Fermi,https://worldwide.espacenet.com/textdoc?DB=EPODOC&IDX=US2969307
477,https://en.wikipedia.org/wiki/Enrico_Fermi,https://en.wikipedia.org/w/index.php?title=Enrico_Fermi&action=edit&section=12
478,https://en.wikipedia.org/wiki/Enrico_Fermi,http://www.dictionary.com/browse/fermi
479,https://en.wikipedia.org/wiki/Enrico_Fermi,https://en.wikipedia.org/wiki/Random_House_Webster%27s_Unabridged_Dictionary
480,https://en.wikipedia.org/wiki/Enrico_Fermi,http://www.history.com/this-day-in-history/enrico-fermi-architect-of-the-nuclear-age-dies
481,https://en.wikipedia.org/wiki/Enrico_Fermi,https://www.nytimes.com/learning/general/onthisday/bday/0929.html
482,https://en.wikipedia.org/wiki/Enrico_Fermi,https://en.wikipedia.org/wiki/The_New_York_Times
483,https://en.wikipedia.org/wiki/Enrico_Fermi,https://web.archive.org/web/20170830153427/http://www.olgiateolona26giugno1959.org/10_lives/Sac.html
484,https://en.wikipedia.org/wiki/Enrico_Fermi,http://www.olgiateolona26giugno1959.org/10_lives/Sac.html
485,https://en.wikipedia.org/wiki/Enrico_Fermi,http://mathematica.sns.it/autori/1173/
486,https://en.wikipedia.org/wiki/Enrico_Fermi,https://en.wikisource.org/?curid=1059488
487,https://en.wikipedia.org/wiki/Enrico_Fermi,http://www.goilombardia.it/massoni-illustri/enrico-fermi
488,https://en.wikipedia.org/wiki/Enrico_Fermi,http://www.phys.uniroma1.it/DipWeb/museo/fermi.html
489,https://en.wikipedia.org/wiki/Enrico_Fermi,http://fermi.lib.uchicago.edu/fermibiog.htm
490,https://en.wikipedia.org/wiki/Enrico_Fermi,https://en.wikipedia.org/wiki/University_of_Chicago
491,https://en.wikipedia.org/wiki/Enrico_Fermi,https://en.wikipedia.org/wiki/Paolo_Mieli
492,https://en.wikipedia.org/wiki/Enrico_Fermi,https://web.archive.org/web/20131019204537/http://archiviostorico.corriere.it/2001/ottobre/02/Cosi_Fermi_scopri_natura_vessatoria_co_0_0110022882.shtml
493,https://en.wikipedia.org/wiki/Enrico_Fermi,https://en.wikipedia.org/wiki/Corriere_della_Sera
494,https://en.wikipedia.org/wiki/Enrico_Fermi,http://archiviostorico.corriere.it/2001/ottobre/02/Cosi_Fermi_scopri_natura_vessatoria_co_0_0110022882.shtml
495,https://en.wikipedia.org/wiki/Enrico_Fermi,https://web.archive.org/web/20120907065146/http://www.archivi.beniculturali.it/DGA-free/Strumenti/Strumenti_CLXVII.pdf
496,https://en.wikipedia.org/wiki/Enrico_Fermi,http://www.archivi.beniculturali.it/DGA-free/Strumenti/Strumenti_CLXVII.pdf
497,https://en.wikipedia.org/wiki/Enrico_Fermi,http://primolevicenter.org/printed-matter/a-legal-examination-of-mussolinis-race-laws/
498,https://en.wikipedia.org/wiki/Enrico_Fermi,http://microboone-docdb.fnal.gov/cgi-bin/RetrieveFile?docid=953;filename=FermiBetaDecay1934.pdf;version=1
499,https://en.wikipedia.org/wiki/Enrico_Fermi,https://en.wikipedia.org/wiki/American_Journal_of_Physics
500,https://en.wikipedia.org/wiki/Enrico_Fermi,https://en.wikipedia.org/wiki/Bibcode
501,https://en.wikipedia.org/wiki/Enrico_Fermi,http://adsabs.harvard.edu/abs/1968AmJPh..36.1150W
502,https://en.wikipedia.org/wiki/Enrico_Fermi,https://en.wikipedia.org/wiki/Digital_object_identifier
503,https://en.wikipedia.org/wiki/Enrico_Fermi,https://doi.org/10.1119%2F1.1974382
504,https://en.wikipedia.org/wiki/Enrico_Fermi,http://gallica.bnf.fr/ark:/12148/bpt6k31506/f254.image
505,https://en.wikipedia.org/wiki/Enrico_Fermi,http://jnm.snmjournals.org/content/5/2/xii.full.pdf
506,https://en.wikipedia.org/wiki/Enrico_Fermi,https://en.wikipedia.org/wiki/Bibcode
507,https://en.wikipedia.org/wiki/Enrico_Fermi,http://adsabs.harvard.edu/abs/1934Natur.133..201J
508,https://en.wikipedia.org/wiki/Enrico_Fermi,https://en.wikipedia.org/wiki/Digital_object_identifier
509,https://en.wikipedia.org/wiki/Enrico_Fermi,https://doi.org/10.1038%2F133201a0
510,https://en.wikipedia.org/wiki/Enrico_Fermi,https://en.wikipedia.org/wiki/ArXiv
511,https://en.wikipedia.org/wiki/Enrico_Fermi,https://arxiv.org/abs/physics/0510044
512,https://en.wikipedia.org/wiki/Enrico_Fermi,https://en.wikipedia.org/wiki/Digital_object_identifier
513,https://en.wikipedia.org/wiki/Enrico_Fermi,https://doi.org/10.1525%2Fhsps.2005.35.2.293
514,https://en.wikipedia.org/wiki/Enrico_Fermi,https://en.wikipedia.org/wiki/Bibcode
515,https://en.wikipedia.org/wiki/Enrico_Fermi,http://adsabs.harvard.edu/abs/2009PhP....11..379G
516,https://en.wikipedia.org/wiki/Enrico_Fermi,https://en.wikipedia.org/wiki/Digital_object_identifier
517,https://en.wikipedia.org/wiki/Enrico_Fermi,https://doi.org/10.1007%2Fs00016-008-0415-1
518,https://en.wikipedia.org/wiki/Enrico_Fermi,http://www.phys.uniroma1.it/DipWeb/museo/collezione%20Fermi/documento2.htm
519,https://en.wikipedia.org/wiki/Enrico_Fermi,https://en.wikipedia.org/wiki/Bibcode
520,https://en.wikipedia.org/wiki/Enrico_Fermi,http://adsabs.harvard.edu/abs/1934RSPSA.146..483F
521,https://en.wikipedia.org/wiki/Enrico_Fermi,https://en.wikipedia.org/wiki/Digital_object_identifier
522,https://en.wikipedia.org/wiki/Enrico_Fermi,https://doi.org/10.1098%2Frspa.1934.0168
523,https://en.wikipedia.org/wiki/Enrico_Fermi,http://energyfromthorium.com/2007/02/13/a-few-good-moderators-the-numbers/
524,https://en.wikipedia.org/wiki/Enrico_Fermi,https://en.wikipedia.org/wiki/Otto_Hahn
525,https://en.wikipedia.org/wiki/Enrico_Fermi,https://en.wikipedia.org/wiki/Fritz_Strassmann
526,https://en.wikipedia.org/wiki/Enrico_Fermi,https://en.wikipedia.org/wiki/Naturwissenschaften
527,https://en.wikipedia.org/wiki/Enrico_Fermi,https://en.wikipedia.org/wiki/Bibcode
528,https://en.wikipedia.org/wiki/Enrico_Fermi,http://adsabs.harvard.edu/abs/1939NW.....27...11H
529,https://en.wikipedia.org/wiki/Enrico_Fermi,https://en.wikipedia.org/wiki/Digital_object_identifier
530,https://en.wikipedia.org/wiki/Enrico_Fermi,https://doi.org/10.1007%2FBF01488241
531,https://en.wikipedia.org/wiki/Enrico_Fermi,https://web.archive.org/web/20090123165907/http://dbhs.wvusd.k12.ca.us/webdocs/Chem-History/Frisch-Fission-1939.html
532,https://en.wikipedia.org/wiki/Enrico_Fermi,https://en.wikipedia.org/wiki/Bibcode
533,https://en.wikipedia.org/wiki/Enrico_Fermi,http://adsabs.harvard.edu/abs/1939Natur.143..276F
534,https://en.wikipedia.org/wiki/Enrico_Fermi,https://en.wikipedia.org/wiki/Digital_object_identifier
535,https://en.wikipedia.org/wiki/Enrico_Fermi,https://doi.org/10.1038%2F143276a0
536,https://en.wikipedia.org/wiki/Enrico_Fermi,http://dbhs.wvusd.k12.ca.us/webdocs/Chem-History/Frisch-Fission-1939.html
537,https://en.wikipedia.org/wiki/Enrico_Fermi,https://en.wikipedia.org/wiki/Lise_Meitner
538,https://en.wikipedia.org/wiki/Enrico_Fermi,https://en.wikipedia.org/wiki/Otto_Robert_Frisch
539,https://en.wikipedia.org/wiki/Enrico_Fermi,http://www.nature.com/physics/looking-back/meitner/index.html
540,https://en.wikipedia.org/wiki/Enrico_Fermi,https://en.wikipedia.org/wiki/Nature_(journal)
541,https://en.wikipedia.org/wiki/Enrico_Fermi,https://en.wikipedia.org/wiki/Bibcode
542,https://en.wikipedia.org/wiki/Enrico_Fermi,http://adsabs.harvard.edu/abs/1939Natur.143..239M
543,https://en.wikipedia.org/wiki/Enrico_Fermi,https://en.wikipedia.org/wiki/Digital_object_identifier
544,https://en.wikipedia.org/wiki/Enrico_Fermi,https://doi.org/10.1038%2F143239a0
545,https://en.wikipedia.org/wiki/Enrico_Fermi,https://web.archive.org/web/20180809111423/https://www.nobelprize.org/nobel_prizes/physics/laureates/1938/fermi-lecture.pdf
546,https://en.wikipedia.org/wiki/Enrico_Fermi,https://www.nobelprize.org/nobel_prizes/physics/laureates/1938/fermi-lecture.pdf
547,https://en.wikipedia.org/wiki/Enrico_Fermi,https://en.wikipedia.org/wiki/Physical_Review
548,https://en.wikipedia.org/wiki/Enrico_Fermi,https://en.wikipedia.org/wiki/Bibcode
549,https://en.wikipedia.org/wiki/Enrico_Fermi,http://adsabs.harvard.edu/abs/1939PhRv...55..511A
550,https://en.wikipedia.org/wiki/Enrico_Fermi,https://en.wikipedia.org/wiki/Digital_object_identifier
551,https://en.wikipedia.org/wiki/Enrico_Fermi,https://doi.org/10.1103%2FPhysRev.55.511.2
552,https://en.wikipedia.org/wiki/Enrico_Fermi,https://en.wikipedia.org/wiki/Bibcode
553,https://en.wikipedia.org/wiki/Enrico_Fermi,http://adsabs.harvard.edu/abs/1939Natur.143..680V
554,https://en.wikipedia.org/wiki/Enrico_Fermi,https://en.wikipedia.org/wiki/Digital_object_identifier
555,https://en.wikipedia.org/wiki/Enrico_Fermi,https://doi.org/10.1038%2F143680a0
556,https://en.wikipedia.org/wiki/Enrico_Fermi,https://en.wikipedia.org/wiki/Bibcode
557,https://en.wikipedia.org/wiki/Enrico_Fermi,http://adsabs.harvard.edu/abs/1939PhRv...55..797A
558,https://en.wikipedia.org/wiki/Enrico_Fermi,https://en.wikipedia.org/wiki/Digital_object_identifier
559,https://en.wikipedia.org/wiki/Enrico_Fermi,https://doi.org/10.1103%2FPhysRev.55.797.2
560,https://en.wikipedia.org/wiki/Enrico_Fermi,https://books.google.com/books?id=IgwAAAAAMBAJ&pg=PA10
561,https://en.wikipedia.org/wiki/Enrico_Fermi,http://docs.fdrlibrary.marist.edu/psf/box5/a64g01.html
562,https://en.wikipedia.org/wiki/Enrico_Fermi,https://en.wikipedia.org/wiki/Physical_Review
563,https://en.wikipedia.org/wiki/Enrico_Fermi,https://en.wikipedia.org/wiki/Bibcode
564,https://en.wikipedia.org/wiki/Enrico_Fermi,http://adsabs.harvard.edu/abs/1939PhRv...56..284A
565,https://en.wikipedia.org/wiki/Enrico_Fermi,https://en.wikipedia.org/wiki/Digital_object_identifier
566,https://en.wikipedia.org/wiki/Enrico_Fermi,https://doi.org/10.1103%2FPhysRev.56.284
567,https://en.wikipedia.org/wiki/Enrico_Fermi,https://en.wikipedia.org/wiki/Proc._Am._Philos._Soc.
568,https://en.wikipedia.org/wiki/Enrico_Fermi,https://en.wikipedia.org/wiki/JSTOR
569,https://en.wikipedia.org/wiki/Enrico_Fermi,https://www.jstor.org/stable/3301034
570,https://en.wikipedia.org/wiki/Enrico_Fermi,http://www.nasonline.org/member-directory/deceased-members/20001146.html
571,https://en.wikipedia.org/wiki/Enrico_Fermi,https://www.genealogy.math.ndsu.nodak.edu/id.php?id=14167
572,https://en.wikipedia.org/wiki/Enrico_Fermi,https://en.wikipedia.org/wiki/Mathematics_Genealogy_Project
573,https://en.wikipedia.org/wiki/Enrico_Fermi,https://web.archive.org/web/20130119050114/http://www.nobelprize.org/nobel_prizes/physics/laureates/1990/friedman-autobio.html
574,https://en.wikipedia.org/wiki/Enrico_Fermi,https://www.nobelprize.org/nobel_prizes/physics/laureates/1990/friedman-autobio.html
575,https://en.wikipedia.org/wiki/Enrico_Fermi,https://www.nobelprize.org/nobel_prizes/physics/laureates/1988/steinberger-bio.html
576,https://en.wikipedia.org/wiki/Enrico_Fermi,https://www.npr.org/2014/11/24/366379355/queen-of-carbon-among-medal-of-freedom-honorees
577,https://en.wikipedia.org/wiki/Enrico_Fermi,https://en.wikipedia.org/wiki/Bibcode
578,https://en.wikipedia.org/wiki/Enrico_Fermi,http://adsabs.harvard.edu/abs/1949PhRv...76.1739F
579,https://en.wikipedia.org/wiki/Enrico_Fermi,https://en.wikipedia.org/wiki/Digital_object_identifier
580,https://en.wikipedia.org/wiki/Enrico_Fermi,https://doi.org/10.1103%2FPhysRev.76.1739
581,https://en.wikipedia.org/wiki/Enrico_Fermi,https://physicstoday.scitation.org/action/captchaChallenge?redirectUrl=https%3A%2F%2Fphysicstoday.scitation.org%2Fdoi%2Fabs%2F10.1063%2F1.3061909%3FjournalCode%3Dpto&
582,https://en.wikipedia.org/wiki/Enrico_Fermi,https://en.wikipedia.org/wiki/Digital_object_identifier
583,https://en.wikipedia.org/wiki/Enrico_Fermi,https://doi.org/10.1063%2F1.3061909
584,https://en.wikipedia.org/wiki/Enrico_Fermi,https://en.wikipedia.org/wiki/John_Cockcroft
585,https://en.wikipedia.org/wiki/Enrico_Fermi,https://en.wikipedia.org/wiki/Biographical_Memoirs_of_Fellows_of_the_Royal_Society
586,https://en.wikipedia.org/wiki/Enrico_Fermi,https://en.wikipedia.org/wiki/Digital_object_identifier
587,https://en.wikipedia.org/wiki/Enrico_Fermi,https://doi.org/10.1098%2Frsbm.1955.0006
588,https://en.wikipedia.org/wiki/Enrico_Fermi,https://en.wikipedia.org/wiki/JSTOR
589,https://en.wikipedia.org/wiki/Enrico_Fermi,https://www.jstor.org/stable/769243
590,https://en.wikipedia.org/wiki/Enrico_Fermi,http://gotterdammerung.org/photo/travel/italy/florence/churches/basilica-di-santa-croce/060907-175358%20The%20Tomb%20of%20Enrico%20Fermi%20at%20Santa%20Croce.html
591,https://en.wikipedia.org/wiki/Enrico_Fermi,"http://www.time.com/time/magazine/article/0,9171,26473,00.html"
592,https://en.wikipedia.org/wiki/Enrico_Fermi,https://en.wikipedia.org/wiki/Time_(magazine)
593,https://en.wikipedia.org/wiki/Enrico_Fermi,http://fermi.lib.uchicago.edu/fermicollection.htm
594,https://en.wikipedia.org/wiki/Enrico_Fermi,https://en.wikipedia.org/wiki/University_of_Chicago
595,https://en.wikipedia.org/wiki/Enrico_Fermi,http://www.fnal.gov/pub/about/whatis/history.html
596,https://en.wikipedia.org/wiki/Enrico_Fermi,https://en.wikipedia.org/wiki/Fermilab
597,https://en.wikipedia.org/wiki/Enrico_Fermi,https://science.nasa.gov/science-news/science-at-nasa/2008/26aug_firstlight/
598,https://en.wikipedia.org/wiki/Enrico_Fermi,https://en.wikipedia.org/wiki/National_Aeronautics_and_Space_Administration
599,https://en.wikipedia.org/wiki/Enrico_Fermi,http://world-nuclear.org/info/inf101.html
600,https://en.wikipedia.org/wiki/Enrico_Fermi,https://web.archive.org/web/20130514012403/http://www.cnea.edu.ar/xxi/ambiental/agua-pura/publicaciones/FolletoColor.pdf
601,https://en.wikipedia.org/wiki/Enrico_Fermi,https://en.wikipedia.org/wiki/CNEA
602,https://en.wikipedia.org/wiki/Enrico_Fermi,http://www.cnea.edu.ar/xxi/ambiental/agua-pura/publicaciones/FolletoColor.pdf
603,https://en.wikipedia.org/wiki/Enrico_Fermi,http://www.angelo.edu/faculty/kboudrea/periodic/hist_names.htm
604,https://en.wikipedia.org/wiki/Enrico_Fermi,http://science.energy.gov/fermi
605,https://en.wikipedia.org/wiki/Enrico_Fermi,https://en.wikipedia.org/wiki/United_States_Department_of_Energy
606,https://en.wikipedia.org/wiki/Enrico_Fermi,https://en.wikipedia.org/w/index.php?title=Enrico_Fermi&action=edit&section=13
607,https://en.wikipedia.org/wiki/Enrico_Fermi,https://en.wikipedia.org/wiki/Samuel_King_Allison
608,https://en.wikipedia.org/wiki/Enrico_Fermi,https://en.wikipedia.org/wiki/OCLC
609,https://en.wikipedia.org/wiki/Enrico_Fermi,https://www.worldcat.org/oclc/11772127
610,https://en.wikipedia.org/wiki/Enrico_Fermi,https://en.wikipedia.org/wiki/Edoardo_Amaldi
611,https://en.wikipedia.org/wiki/Enrico_Fermi,https://en.wikipedia.org/wiki/International_Standard_Book_Number
612,https://en.wikipedia.org/wiki/Enrico_Fermi,https://en.wikipedia.org/wiki/Special:BookSources/978-88-7438-015-2
613,https://en.wikipedia.org/wiki/Enrico_Fermi,https://en.wikipedia.org/wiki/OCLC
614,https://en.wikipedia.org/wiki/Enrico_Fermi,https://www.worldcat.org/oclc/56686431
615,https://en.wikipedia.org/wiki/Enrico_Fermi,https://en.wikipedia.org/wiki/International_Standard_Book_Number
616,https://en.wikipedia.org/wiki/Enrico_Fermi,https://en.wikipedia.org/wiki/Special:BookSources/978-88-7438-015-2
617,https://en.wikipedia.org/wiki/Enrico_Fermi,https://en.wikipedia.org/wiki/OCLC
618,https://en.wikipedia.org/wiki/Enrico_Fermi,https://www.worldcat.org/oclc/56686431
619,https://en.wikipedia.org/wiki/Enrico_Fermi,https://en.wikipedia.org/wiki/International_Standard_Book_Number
620,https://en.wikipedia.org/wiki/Enrico_Fermi,https://en.wikipedia.org/wiki/Special:BookSources/978-88-7438-015-2
621,https://en.wikipedia.org/wiki/Enrico_Fermi,https://en.wikipedia.org/wiki/OCLC
622,https://en.wikipedia.org/wiki/Enrico_Fermi,https://www.worldcat.org/oclc/56686431
623,https://en.wikipedia.org/wiki/Enrico_Fermi,https://en.wikipedia.org/wiki/International_Standard_Book_Number
624,https://en.wikipedia.org/wiki/Enrico_Fermi,https://en.wikipedia.org/wiki/Special:BookSources/978-88-7438-015-2
625,https://en.wikipedia.org/wiki/Enrico_Fermi,https://en.wikipedia.org/wiki/OCLC
626,https://en.wikipedia.org/wiki/Enrico_Fermi,https://www.worldcat.org/oclc/56686431
627,https://en.wikipedia.org/wiki/Enrico_Fermi,https://en.wikipedia.org/wiki/Arthur_Compton
628,https://en.wikipedia.org/wiki/Enrico_Fermi,https://en.wikipedia.org/wiki/OCLC
629,https://en.wikipedia.org/wiki/Enrico_Fermi,https://www.worldcat.org/oclc/173307
630,https://en.wikipedia.org/wiki/Enrico_Fermi,https://books.google.com/books/about/Enrico_Fermi.html?id=JK94sqLFsNsC
631,https://en.wikipedia.org/wiki/Enrico_Fermi,https://en.wikipedia.org/wiki/International_Standard_Book_Number
632,https://en.wikipedia.org/wiki/Enrico_Fermi,https://en.wikipedia.org/wiki/Special:BookSources/978-0-19-511762-2
633,https://en.wikipedia.org/wiki/Enrico_Fermi,https://en.wikipedia.org/wiki/OCLC
634,https://en.wikipedia.org/wiki/Enrico_Fermi,https://www.worldcat.org/oclc/39508200
635,https://en.wikipedia.org/wiki/Enrico_Fermi,https://en.wikipedia.org/wiki/International_Standard_Book_Number
636,https://en.wikipedia.org/wiki/Enrico_Fermi,https://en.wikipedia.org/wiki/Special:BookSources/978-0-226-12111-6
637,https://en.wikipedia.org/wiki/Enrico_Fermi,https://en.wikipedia.org/wiki/Laura_Fermi
638,https://en.wikipedia.org/wiki/Enrico_Fermi,https://en.wikipedia.org/wiki/OCLC
639,https://en.wikipedia.org/wiki/Enrico_Fermi,https://www.worldcat.org/oclc/537507
640,https://en.wikipedia.org/wiki/Enrico_Fermi,https://en.wikipedia.org/wiki/Los_Alamos_National_Laboratory
641,https://en.wikipedia.org/wiki/Enrico_Fermi,https://en.wikipedia.org/wiki/Glenn_T._Seaborg
642,https://en.wikipedia.org/wiki/Enrico_Fermi,http://www.escholarship.org/uc/item/92g2p7cd.pdf
643,https://en.wikipedia.org/wiki/Enrico_Fermi,https://en.wikipedia.org/wiki/Los_Alamos_National_Laboratory
644,https://en.wikipedia.org/wiki/Enrico_Fermi,https://en.wikipedia.org/wiki/Richard_G._Hewlett
645,https://en.wikipedia.org/wiki/Enrico_Fermi,https://www.governmentattic.org/5docs/TheNewWorld1939-1946.pdf
646,https://en.wikipedia.org/wiki/Enrico_Fermi,https://en.wikipedia.org/wiki/International_Standard_Book_Number
647,https://en.wikipedia.org/wiki/Enrico_Fermi,https://en.wikipedia.org/wiki/Special:BookSources/978-0-520-07186-5
648,https://en.wikipedia.org/wiki/Enrico_Fermi,https://en.wikipedia.org/wiki/OCLC
649,https://en.wikipedia.org/wiki/Enrico_Fermi,https://www.worldcat.org/oclc/637004643
650,https://en.wikipedia.org/wiki/Enrico_Fermi,https://en.wikipedia.org/wiki/International_Standard_Book_Number
651,https://en.wikipedia.org/wiki/Enrico_Fermi,https://en.wikipedia.org/wiki/Special:BookSources/978-0-520-07187-2
652,https://en.wikipedia.org/wiki/Enrico_Fermi,https://en.wikipedia.org/wiki/OCLC
653,https://en.wikipedia.org/wiki/Enrico_Fermi,https://www.worldcat.org/oclc/3717478
654,https://en.wikipedia.org/wiki/Enrico_Fermi,https://en.wikipedia.org/wiki/Tony_Hey
655,https://en.wikipedia.org/wiki/Enrico_Fermi,https://en.wikipedia.org/wiki/International_Standard_Book_Number
656,https://en.wikipedia.org/wiki/Enrico_Fermi,https://en.wikipedia.org/wiki/Special:BookSources/978-0-521-56418-2
657,https://en.wikipedia.org/wiki/Enrico_Fermi,https://en.wikipedia.org/wiki/OCLC
658,https://en.wikipedia.org/wiki/Enrico_Fermi,https://www.worldcat.org/oclc/50252084
659,https://en.wikipedia.org/wiki/Enrico_Fermi,https://en.wikipedia.org/wiki/Richard_G._Hewlett
660,https://en.wikipedia.org/wiki/Enrico_Fermi,https://en.wikipedia.org/wiki/International_Standard_Book_Number
661,https://en.wikipedia.org/wiki/Enrico_Fermi,https://en.wikipedia.org/wiki/Special:BookSources/978-0-252-02341-5
662,https://en.wikipedia.org/wiki/Enrico_Fermi,https://en.wikipedia.org/wiki/International_Standard_Book_Number
663,https://en.wikipedia.org/wiki/Enrico_Fermi,https://en.wikipedia.org/wiki/Special:BookSources/978-0-9642426-4-7
664,https://en.wikipedia.org/wiki/Enrico_Fermi,https://en.wikipedia.org/wiki/OCLC
665,https://en.wikipedia.org/wiki/Enrico_Fermi,https://www.worldcat.org/oclc/42849992
666,https://en.wikipedia.org/wiki/Enrico_Fermi,https://en.wikipedia.org/wiki/International_Standard_Book_Number
667,https://en.wikipedia.org/wiki/Enrico_Fermi,https://en.wikipedia.org/wiki/Special:BookSources/978-88-7438-015-2
668,https://en.wikipedia.org/wiki/Enrico_Fermi,https://en.wikipedia.org/wiki/OCLC
669,https://en.wikipedia.org/wiki/Enrico_Fermi,https://www.worldcat.org/oclc/56686431
670,https://en.wikipedia.org/wiki/Enrico_Fermi,https://fas.org/sgp/othergov/doe/lanl/la-10311-ms.pdf
671,https://en.wikipedia.org/wiki/Enrico_Fermi,https://en.wikipedia.org/wiki/Los_Alamos_National_Laboratory
672,https://en.wikipedia.org/wiki/Enrico_Fermi,https://en.wikipedia.org/wiki/OCLC
673,https://en.wikipedia.org/wiki/Enrico_Fermi,https://www.worldcat.org/oclc/4434691994
674,https://en.wikipedia.org/wiki/Enrico_Fermi,https://en.wikipedia.org/wiki/OCLC
675,https://en.wikipedia.org/wiki/Enrico_Fermi,https://www.worldcat.org/oclc/10913875
676,https://en.wikipedia.org/wiki/Enrico_Fermi,https://en.wikipedia.org/wiki/Enrico_Persico
677,https://en.wikipedia.org/wiki/Enrico_Fermi,https://en.wikipedia.org/wiki/International_Standard_Book_Number
678,https://en.wikipedia.org/wiki/Enrico_Fermi,https://en.wikipedia.org/wiki/Special:BookSources/978-88-7438-015-2
679,https://en.wikipedia.org/wiki/Enrico_Fermi,https://en.wikipedia.org/wiki/OCLC
680,https://en.wikipedia.org/wiki/Enrico_Fermi,https://www.worldcat.org/oclc/56686431
681,https://en.wikipedia.org/wiki/Enrico_Fermi,https://en.wikipedia.org/wiki/Richard_Rhodes
682,https://en.wikipedia.org/wiki/Enrico_Fermi,https://en.wikipedia.org/wiki/International_Standard_Book_Number
683,https://en.wikipedia.org/wiki/Enrico_Fermi,https://en.wikipedia.org/wiki/Special:BookSources/978-0-684-81378-3
684,https://en.wikipedia.org/wiki/Enrico_Fermi,https://en.wikipedia.org/wiki/OCLC
685,https://en.wikipedia.org/wiki/Enrico_Fermi,https://www.worldcat.org/oclc/13793436
686,https://en.wikipedia.org/wiki/Enrico_Fermi,https://en.wikipedia.org/wiki/International_Standard_Book_Number
687,https://en.wikipedia.org/wiki/Enrico_Fermi,https://en.wikipedia.org/wiki/Special:BookSources/978-88-7438-015-2
688,https://en.wikipedia.org/wiki/Enrico_Fermi,https://en.wikipedia.org/wiki/OCLC
689,https://en.wikipedia.org/wiki/Enrico_Fermi,https://www.worldcat.org/oclc/56686431
690,https://en.wikipedia.org/wiki/Enrico_Fermi,https://en.wikipedia.org/wiki/International_Standard_Book_Number
691,https://en.wikipedia.org/wiki/Enrico_Fermi,https://en.wikipedia.org/wiki/Special:BookSources/978-88-7438-015-2
692,https://en.wikipedia.org/wiki/Enrico_Fermi,https://en.wikipedia.org/wiki/OCLC
693,https://en.wikipedia.org/wiki/Enrico_Fermi,https://www.worldcat.org/oclc/56686431
694,https://en.wikipedia.org/wiki/Enrico_Fermi,https://en.wikipedia.org/wiki/International_Standard_Book_Number
695,https://en.wikipedia.org/wiki/Enrico_Fermi,https://en.wikipedia.org/wiki/Special:BookSources/978-88-7438-015-2
696,https://en.wikipedia.org/wiki/Enrico_Fermi,https://en.wikipedia.org/wiki/OCLC
697,https://en.wikipedia.org/wiki/Enrico_Fermi,https://www.worldcat.org/oclc/56686431
698,https://en.wikipedia.org/wiki/Enrico_Fermi,https://en.wikipedia.org/wiki/Glenn_T._Seaborg
699,https://en.wikipedia.org/wiki/Enrico_Fermi,https://en.wikipedia.org/wiki/Glenn_T._Seaborg
700,https://en.wikipedia.org/wiki/Enrico_Fermi,http://www.escholarship.org/uc/item/92g2p7cd.pdf
701,https://en.wikipedia.org/wiki/Enrico_Fermi,https://en.wikipedia.org/wiki/Los_Alamos_National_Laboratory
702,https://en.wikipedia.org/wiki/Enrico_Fermi,https://en.wikipedia.org/wiki/Emilio_Segr%C3%A8
703,https://en.wikipedia.org/wiki/Enrico_Fermi,https://en.wikipedia.org/wiki/International_Standard_Book_Number
704,https://en.wikipedia.org/wiki/Enrico_Fermi,https://en.wikipedia.org/wiki/Special:BookSources/978-0-226-74473-5
705,https://en.wikipedia.org/wiki/Enrico_Fermi,https://en.wikipedia.org/wiki/OCLC
706,https://en.wikipedia.org/wiki/Enrico_Fermi,https://www.worldcat.org/oclc/118467
707,https://en.wikipedia.org/wiki/Enrico_Fermi,https://en.wikipedia.org/wiki/C._P._Snow
708,https://en.wikipedia.org/wiki/Enrico_Fermi,https://en.wikipedia.org/wiki/International_Standard_Book_Number
709,https://en.wikipedia.org/wiki/Enrico_Fermi,https://en.wikipedia.org/wiki/Special:BookSources/978-1-84232-436-3
710,https://en.wikipedia.org/wiki/Enrico_Fermi,https://en.wikipedia.org/wiki/OCLC
711,https://en.wikipedia.org/wiki/Enrico_Fermi,https://www.worldcat.org/oclc/7722354
712,https://en.wikipedia.org/wiki/Enrico_Fermi,https://en.wikipedia.org/wiki/International_Standard_Book_Number
713,https://en.wikipedia.org/wiki/Enrico_Fermi,https://en.wikipedia.org/wiki/Special:BookSources/978-0-679-40031-8
714,https://en.wikipedia.org/wiki/Enrico_Fermi,https://en.wikipedia.org/wiki/OCLC
715,https://en.wikipedia.org/wiki/Enrico_Fermi,https://www.worldcat.org/oclc/27266040
716,https://en.wikipedia.org/wiki/Enrico_Fermi,https://en.wikipedia.org/w/index.php?title=Enrico_Fermi&action=edit&section=14
717,https://en.wikipedia.org/wiki/Enrico_Fermi,http://manhattanprojectvoices.org/oral-histories/fermi-love-part-1
718,https://en.wikipedia.org/wiki/Enrico_Fermi,https://www.osti.gov/biblio/1159286-first-reactor-anniversary-rev
719,https://en.wikipedia.org/wiki/Enrico_Fermi,https://en.wikipedia.org/wiki/United_States_Department_of_Energy
720,https://en.wikipedia.org/wiki/Enrico_Fermi,http://nobelprize.org/nobel_prizes/physics/laureates/1938/
721,https://en.wikipedia.org/wiki/Enrico_Fermi,http://www.atomicarchive.com/History/firstpile/index.shtml
722,https://en.wikipedia.org/wiki/Enrico_Fermi,https://web.archive.org/web/20080330180911/http://www.fi.edu/learn/case-files/fermi/
723,https://en.wikipedia.org/wiki/Enrico_Fermi,http://www.aps.org/units/fhp/meetings/april10/j1.cfm
724,https://en.wikipedia.org/wiki/Enrico_Fermi,http://www.time.com/time/time100/scientist/profile/fermi.html
725,https://en.wikipedia.org/wiki/Enrico_Fermi,https://en.wikipedia.org/wiki/Richard_Rhodes
726,https://en.wikipedia.org/wiki/Enrico_Fermi,http://ilorentz.org/history/Fermi/Fermi.html
727,https://en.wikipedia.org/wiki/Enrico_Fermi,https://en.wikipedia.org/wiki/Template:Nobel_Prize_in_Physics
728,https://en.wikipedia.org/wiki/Enrico_Fermi,https://en.wikipedia.org/wiki/Template_talk:Nobel_Prize_in_Physics
729,https://en.wikipedia.org/wiki/Enrico_Fermi,https://en.wikipedia.org/w/index.php?title=Template:Nobel_Prize_in_Physics&action=edit
730,https://en.wikipedia.org/wiki/Enrico_Fermi,https://en.wikipedia.org/wiki/List_of_Nobel_laureates_in_Physics
731,https://en.wikipedia.org/wiki/Enrico_Fermi,https://en.wikipedia.org/wiki/Nobel_Prize_in_Physics
732,https://en.wikipedia.org/wiki/Enrico_Fermi,https://en.wikipedia.org/wiki/Wilhelm_R%C3%B6ntgen
733,https://en.wikipedia.org/wiki/Enrico_Fermi,https://en.wikipedia.org/wiki/Hendrik_Lorentz
734,https://en.wikipedia.org/wiki/Enrico_Fermi,https://en.wikipedia.org/wiki/Pieter_Zeeman
735,https://en.wikipedia.org/wiki/Enrico_Fermi,https://en.wikipedia.org/wiki/Henri_Becquerel
736,https://en.wikipedia.org/wiki/Enrico_Fermi,https://en.wikipedia.org/wiki/Pierre_Curie
737,https://en.wikipedia.org/wiki/Enrico_Fermi,https://en.wikipedia.org/wiki/Marie_Curie
738,https://en.wikipedia.org/wiki/Enrico_Fermi,"https://en.wikipedia.org/wiki/John_William_Strutt,_3rd_Baron_Rayleigh"
739,https://en.wikipedia.org/wiki/Enrico_Fermi,https://en.wikipedia.org/wiki/Philipp_Lenard
740,https://en.wikipedia.org/wiki/Enrico_Fermi,https://en.wikipedia.org/wiki/J._J._Thomson
741,https://en.wikipedia.org/wiki/Enrico_Fermi,https://en.wikipedia.org/wiki/Albert_A._Michelson
742,https://en.wikipedia.org/wiki/Enrico_Fermi,https://en.wikipedia.org/wiki/Gabriel_Lippmann
743,https://en.wikipedia.org/wiki/Enrico_Fermi,https://en.wikipedia.org/wiki/Guglielmo_Marconi
744,https://en.wikipedia.org/wiki/Enrico_Fermi,https://en.wikipedia.org/wiki/Karl_Ferdinand_Braun
745,https://en.wikipedia.org/wiki/Enrico_Fermi,https://en.wikipedia.org/wiki/Johannes_Diderik_van_der_Waals
746,https://en.wikipedia.org/wiki/Enrico_Fermi,https://en.wikipedia.org/wiki/Wilhelm_Wien
747,https://en.wikipedia.org/wiki/Enrico_Fermi,https://en.wikipedia.org/wiki/Gustaf_Dal%C3%A9n
748,https://en.wikipedia.org/wiki/Enrico_Fermi,https://en.wikipedia.org/wiki/Heike_Kamerlingh_Onnes
749,https://en.wikipedia.org/wiki/Enrico_Fermi,https://en.wikipedia.org/wiki/Max_von_Laue
750,https://en.wikipedia.org/wiki/Enrico_Fermi,https://en.wikipedia.org/wiki/Lawrence_Bragg
751,https://en.wikipedia.org/wiki/Enrico_Fermi,https://en.wikipedia.org/wiki/William_Henry_Bragg
752,https://en.wikipedia.org/wiki/Enrico_Fermi,https://en.wikipedia.org/wiki/Charles_Glover_Barkla
753,https://en.wikipedia.org/wiki/Enrico_Fermi,https://en.wikipedia.org/wiki/Max_Planck
754,https://en.wikipedia.org/wiki/Enrico_Fermi,https://en.wikipedia.org/wiki/Johannes_Stark
755,https://en.wikipedia.org/wiki/Enrico_Fermi,https://en.wikipedia.org/wiki/Charles_%C3%89douard_Guillaume
756,https://en.wikipedia.org/wiki/Enrico_Fermi,https://en.wikipedia.org/wiki/Albert_Einstein
757,https://en.wikipedia.org/wiki/Enrico_Fermi,https://en.wikipedia.org/wiki/Niels_Bohr
758,https://en.wikipedia.org/wiki/Enrico_Fermi,https://en.wikipedia.org/wiki/Robert_Andrews_Millikan
759,https://en.wikipedia.org/wiki/Enrico_Fermi,https://en.wikipedia.org/wiki/Manne_Siegbahn
760,https://en.wikipedia.org/wiki/Enrico_Fermi,https://en.wikipedia.org/wiki/James_Franck
761,https://en.wikipedia.org/wiki/Enrico_Fermi,https://en.wikipedia.org/wiki/Gustav_Ludwig_Hertz
762,https://en.wikipedia.org/wiki/Enrico_Fermi,https://en.wikipedia.org/wiki/Jean_Baptiste_Perrin
763,https://en.wikipedia.org/wiki/Enrico_Fermi,https://en.wikipedia.org/wiki/Arthur_Compton
764,https://en.wikipedia.org/wiki/Enrico_Fermi,https://en.wikipedia.org/wiki/Charles_Thomson_Rees_Wilson
765,https://en.wikipedia.org/wiki/Enrico_Fermi,https://en.wikipedia.org/wiki/Owen_Willans_Richardson
766,https://en.wikipedia.org/wiki/Enrico_Fermi,https://en.wikipedia.org/wiki/Louis_de_Broglie
767,https://en.wikipedia.org/wiki/Enrico_Fermi,https://en.wikipedia.org/wiki/C._V._Raman
768,https://en.wikipedia.org/wiki/Enrico_Fermi,https://en.wikipedia.org/wiki/Werner_Heisenberg
769,https://en.wikipedia.org/wiki/Enrico_Fermi,https://en.wikipedia.org/wiki/Erwin_Schr%C3%B6dinger
770,https://en.wikipedia.org/wiki/Enrico_Fermi,https://en.wikipedia.org/wiki/Paul_Dirac
771,https://en.wikipedia.org/wiki/Enrico_Fermi,https://en.wikipedia.org/wiki/James_Chadwick
772,https://en.wikipedia.org/wiki/Enrico_Fermi,https://en.wikipedia.org/wiki/Victor_Francis_Hess
773,https://en.wikipedia.org/wiki/Enrico_Fermi,https://en.wikipedia.org/wiki/Carl_David_Anderson
774,https://en.wikipedia.org/wiki/Enrico_Fermi,https://en.wikipedia.org/wiki/Clinton_Davisson
775,https://en.wikipedia.org/wiki/Enrico_Fermi,https://en.wikipedia.org/wiki/George_Paget_Thomson
776,https://en.wikipedia.org/wiki/Enrico_Fermi,https://en.wikipedia.org/wiki/Ernest_Lawrence
777,https://en.wikipedia.org/wiki/Enrico_Fermi,https://en.wikipedia.org/wiki/Otto_Stern
778,https://en.wikipedia.org/wiki/Enrico_Fermi,https://en.wikipedia.org/wiki/Isidor_Isaac_Rabi
779,https://en.wikipedia.org/wiki/Enrico_Fermi,https://en.wikipedia.org/wiki/Wolfgang_Pauli
780,https://en.wikipedia.org/wiki/Enrico_Fermi,https://en.wikipedia.org/wiki/Percy_Williams_Bridgman
781,https://en.wikipedia.org/wiki/Enrico_Fermi,https://en.wikipedia.org/wiki/Edward_Victor_Appleton
782,https://en.wikipedia.org/wiki/Enrico_Fermi,https://en.wikipedia.org/wiki/Patrick_Blackett
783,https://en.wikipedia.org/wiki/Enrico_Fermi,https://en.wikipedia.org/wiki/Hideki_Yukawa
784,https://en.wikipedia.org/wiki/Enrico_Fermi,https://en.wikipedia.org/wiki/C._F._Powell
785,https://en.wikipedia.org/wiki/Enrico_Fermi,https://en.wikipedia.org/wiki/John_Cockcroft
786,https://en.wikipedia.org/wiki/Enrico_Fermi,https://en.wikipedia.org/wiki/Ernest_Walton
787,https://en.wikipedia.org/wiki/Enrico_Fermi,https://en.wikipedia.org/wiki/Felix_Bloch
788,https://en.wikipedia.org/wiki/Enrico_Fermi,https://en.wikipedia.org/wiki/Edward_Mills_Purcell
789,https://en.wikipedia.org/wiki/Enrico_Fermi,https://en.wikipedia.org/wiki/Frits_Zernike
790,https://en.wikipedia.org/wiki/Enrico_Fermi,https://en.wikipedia.org/wiki/Max_Born
791,https://en.wikipedia.org/wiki/Enrico_Fermi,https://en.wikipedia.org/wiki/Walther_Bothe
792,https://en.wikipedia.org/wiki/Enrico_Fermi,https://en.wikipedia.org/wiki/Willis_Lamb
793,https://en.wikipedia.org/wiki/Enrico_Fermi,https://en.wikipedia.org/wiki/Polykarp_Kusch
794,https://en.wikipedia.org/wiki/Enrico_Fermi,https://en.wikipedia.org/wiki/William_Shockley
795,https://en.wikipedia.org/wiki/Enrico_Fermi,https://en.wikipedia.org/wiki/John_Bardeen
796,https://en.wikipedia.org/wiki/Enrico_Fermi,https://en.wikipedia.org/wiki/Walter_Houser_Brattain
797,https://en.wikipedia.org/wiki/Enrico_Fermi,https://en.wikipedia.org/wiki/Yang_Chen-Ning
798,https://en.wikipedia.org/wiki/Enrico_Fermi,https://en.wikipedia.org/wiki/Tsung-Dao_Lee
799,https://en.wikipedia.org/wiki/Enrico_Fermi,https://en.wikipedia.org/wiki/Pavel_Cherenkov
800,https://en.wikipedia.org/wiki/Enrico_Fermi,https://en.wikipedia.org/wiki/Ilya_Frank
801,https://en.wikipedia.org/wiki/Enrico_Fermi,https://en.wikipedia.org/wiki/Igor_Tamm
802,https://en.wikipedia.org/wiki/Enrico_Fermi,https://en.wikipedia.org/wiki/Emilio_Segr%C3%A8
803,https://en.wikipedia.org/wiki/Enrico_Fermi,https://en.wikipedia.org/wiki/Owen_Chamberlain
804,https://en.wikipedia.org/wiki/Enrico_Fermi,https://en.wikipedia.org/wiki/Donald_A._Glaser
805,https://en.wikipedia.org/wiki/Enrico_Fermi,https://en.wikipedia.org/wiki/Robert_Hofstadter
806,https://en.wikipedia.org/wiki/Enrico_Fermi,https://en.wikipedia.org/wiki/Rudolf_M%C3%B6ssbauer
807,https://en.wikipedia.org/wiki/Enrico_Fermi,https://en.wikipedia.org/wiki/Lev_Landau
808,https://en.wikipedia.org/wiki/Enrico_Fermi,https://en.wikipedia.org/wiki/Eugene_Wigner
809,https://en.wikipedia.org/wiki/Enrico_Fermi,https://en.wikipedia.org/wiki/Maria_Goeppert_Mayer
810,https://en.wikipedia.org/wiki/Enrico_Fermi,https://en.wikipedia.org/wiki/J._Hans_D._Jensen
811,https://en.wikipedia.org/wiki/Enrico_Fermi,https://en.wikipedia.org/wiki/Charles_H._Townes
812,https://en.wikipedia.org/wiki/Enrico_Fermi,https://en.wikipedia.org/wiki/Nikolay_Basov
813,https://en.wikipedia.org/wiki/Enrico_Fermi,https://en.wikipedia.org/wiki/Alexander_Prokhorov
814,https://en.wikipedia.org/wiki/Enrico_Fermi,https://en.wikipedia.org/wiki/Shin%27ichir%C5%8D_Tomonaga
815,https://en.wikipedia.org/wiki/Enrico_Fermi,https://en.wikipedia.org/wiki/Julian_Schwinger
816,https://en.wikipedia.org/wiki/Enrico_Fermi,https://en.wikipedia.org/wiki/Richard_Feynman
817,https://en.wikipedia.org/wiki/Enrico_Fermi,https://en.wikipedia.org/wiki/Alfred_Kastler
818,https://en.wikipedia.org/wiki/Enrico_Fermi,https://en.wikipedia.org/wiki/Hans_Bethe
819,https://en.wikipedia.org/wiki/Enrico_Fermi,https://en.wikipedia.org/wiki/Luis_Walter_Alvarez
820,https://en.wikipedia.org/wiki/Enrico_Fermi,https://en.wikipedia.org/wiki/Murray_Gell-Mann
821,https://en.wikipedia.org/wiki/Enrico_Fermi,https://en.wikipedia.org/wiki/Hannes_Alfv%C3%A9n
822,https://en.wikipedia.org/wiki/Enrico_Fermi,https://en.wikipedia.org/wiki/Louis_N%C3%A9el
823,https://en.wikipedia.org/wiki/Enrico_Fermi,https://en.wikipedia.org/wiki/Dennis_Gabor
824,https://en.wikipedia.org/wiki/Enrico_Fermi,https://en.wikipedia.org/wiki/John_Bardeen
825,https://en.wikipedia.org/wiki/Enrico_Fermi,https://en.wikipedia.org/wiki/Leon_Cooper
826,https://en.wikipedia.org/wiki/Enrico_Fermi,https://en.wikipedia.org/wiki/John_Robert_Schrieffer
827,https://en.wikipedia.org/wiki/Enrico_Fermi,https://en.wikipedia.org/wiki/Leo_Esaki
828,https://en.wikipedia.org/wiki/Enrico_Fermi,https://en.wikipedia.org/wiki/Ivar_Giaever
829,https://en.wikipedia.org/wiki/Enrico_Fermi,https://en.wikipedia.org/wiki/Brian_Josephson
830,https://en.wikipedia.org/wiki/Enrico_Fermi,https://en.wikipedia.org/wiki/Martin_Ryle
831,https://en.wikipedia.org/wiki/Enrico_Fermi,https://en.wikipedia.org/wiki/Antony_Hewish
832,https://en.wikipedia.org/wiki/Enrico_Fermi,https://en.wikipedia.org/wiki/Aage_Bohr
833,https://en.wikipedia.org/wiki/Enrico_Fermi,https://en.wikipedia.org/wiki/Ben_Roy_Mottelson
834,https://en.wikipedia.org/wiki/Enrico_Fermi,https://en.wikipedia.org/wiki/James_Rainwater
835,https://en.wikipedia.org/wiki/Enrico_Fermi,https://en.wikipedia.org/wiki/Burton_Richter
836,https://en.wikipedia.org/wiki/Enrico_Fermi,https://en.wikipedia.org/wiki/Samuel_C._C._Ting
837,https://en.wikipedia.org/wiki/Enrico_Fermi,https://en.wikipedia.org/wiki/Philip_Warren_Anderson
838,https://en.wikipedia.org/wiki/Enrico_Fermi,https://en.wikipedia.org/wiki/Nevill_Francis_Mott
839,https://en.wikipedia.org/wiki/Enrico_Fermi,https://en.wikipedia.org/wiki/John_Hasbrouck_Van_Vleck
840,https://en.wikipedia.org/wiki/Enrico_Fermi,https://en.wikipedia.org/wiki/Pyotr_Kapitsa
841,https://en.wikipedia.org/wiki/Enrico_Fermi,https://en.wikipedia.org/wiki/Arno_Allan_Penzias
842,https://en.wikipedia.org/wiki/Enrico_Fermi,https://en.wikipedia.org/wiki/Robert_Woodrow_Wilson
843,https://en.wikipedia.org/wiki/Enrico_Fermi,https://en.wikipedia.org/wiki/Sheldon_Lee_Glashow
844,https://en.wikipedia.org/wiki/Enrico_Fermi,https://en.wikipedia.org/wiki/Abdus_Salam
845,https://en.wikipedia.org/wiki/Enrico_Fermi,https://en.wikipedia.org/wiki/Steven_Weinberg
846,https://en.wikipedia.org/wiki/Enrico_Fermi,https://en.wikipedia.org/wiki/James_Cronin
847,https://en.wikipedia.org/wiki/Enrico_Fermi,https://en.wikipedia.org/wiki/Val_Logsdon_Fitch
848,https://en.wikipedia.org/wiki/Enrico_Fermi,https://en.wikipedia.org/wiki/Nicolaas_Bloembergen
849,https://en.wikipedia.org/wiki/Enrico_Fermi,https://en.wikipedia.org/wiki/Arthur_Leonard_Schawlow
850,https://en.wikipedia.org/wiki/Enrico_Fermi,https://en.wikipedia.org/wiki/Kai_Siegbahn
851,https://en.wikipedia.org/wiki/Enrico_Fermi,https://en.wikipedia.org/wiki/Kenneth_G._Wilson
852,https://en.wikipedia.org/wiki/Enrico_Fermi,https://en.wikipedia.org/wiki/Subrahmanyan_Chandrasekhar
853,https://en.wikipedia.org/wiki/Enrico_Fermi,https://en.wikipedia.org/wiki/William_Alfred_Fowler
854,https://en.wikipedia.org/wiki/Enrico_Fermi,https://en.wikipedia.org/wiki/Carlo_Rubbia
855,https://en.wikipedia.org/wiki/Enrico_Fermi,https://en.wikipedia.org/wiki/Simon_van_der_Meer
856,https://en.wikipedia.org/wiki/Enrico_Fermi,https://en.wikipedia.org/wiki/Klaus_von_Klitzing
857,https://en.wikipedia.org/wiki/Enrico_Fermi,https://en.wikipedia.org/wiki/Ernst_Ruska
858,https://en.wikipedia.org/wiki/Enrico_Fermi,https://en.wikipedia.org/wiki/Gerd_Binnig
859,https://en.wikipedia.org/wiki/Enrico_Fermi,https://en.wikipedia.org/wiki/Heinrich_Rohrer
860,https://en.wikipedia.org/wiki/Enrico_Fermi,https://en.wikipedia.org/wiki/Georg_Bednorz
861,https://en.wikipedia.org/wiki/Enrico_Fermi,https://en.wikipedia.org/wiki/K._Alex_M%C3%BCller
862,https://en.wikipedia.org/wiki/Enrico_Fermi,https://en.wikipedia.org/wiki/Leon_M._Lederman
863,https://en.wikipedia.org/wiki/Enrico_Fermi,https://en.wikipedia.org/wiki/Melvin_Schwartz
864,https://en.wikipedia.org/wiki/Enrico_Fermi,https://en.wikipedia.org/wiki/Jack_Steinberger
865,https://en.wikipedia.org/wiki/Enrico_Fermi,https://en.wikipedia.org/wiki/Norman_Foster_Ramsey_Jr.
866,https://en.wikipedia.org/wiki/Enrico_Fermi,https://en.wikipedia.org/wiki/Hans_Georg_Dehmelt
867,https://en.wikipedia.org/wiki/Enrico_Fermi,https://en.wikipedia.org/wiki/Wolfgang_Paul
868,https://en.wikipedia.org/wiki/Enrico_Fermi,https://en.wikipedia.org/wiki/Jerome_Isaac_Friedman
869,https://en.wikipedia.org/wiki/Enrico_Fermi,https://en.wikipedia.org/wiki/Henry_Way_Kendall
870,https://en.wikipedia.org/wiki/Enrico_Fermi,https://en.wikipedia.org/wiki/Richard_E._Taylor
871,https://en.wikipedia.org/wiki/Enrico_Fermi,https://en.wikipedia.org/wiki/Pierre-Gilles_de_Gennes
872,https://en.wikipedia.org/wiki/Enrico_Fermi,https://en.wikipedia.org/wiki/Georges_Charpak
873,https://en.wikipedia.org/wiki/Enrico_Fermi,https://en.wikipedia.org/wiki/Russell_Alan_Hulse
874,https://en.wikipedia.org/wiki/Enrico_Fermi,https://en.wikipedia.org/wiki/Joseph_Hooton_Taylor_Jr.
875,https://en.wikipedia.org/wiki/Enrico_Fermi,https://en.wikipedia.org/wiki/Bertram_Brockhouse
876,https://en.wikipedia.org/wiki/Enrico_Fermi,https://en.wikipedia.org/wiki/Clifford_Shull
877,https://en.wikipedia.org/wiki/Enrico_Fermi,https://en.wikipedia.org/wiki/Martin_Lewis_Perl
878,https://en.wikipedia.org/wiki/Enrico_Fermi,https://en.wikipedia.org/wiki/Frederick_Reines
879,https://en.wikipedia.org/wiki/Enrico_Fermi,https://en.wikipedia.org/wiki/David_Lee_(physicist)
880,https://en.wikipedia.org/wiki/Enrico_Fermi,https://en.wikipedia.org/wiki/Douglas_Osheroff
881,https://en.wikipedia.org/wiki/Enrico_Fermi,https://en.wikipedia.org/wiki/Robert_Coleman_Richardson
882,https://en.wikipedia.org/wiki/Enrico_Fermi,https://en.wikipedia.org/wiki/Steven_Chu
883,https://en.wikipedia.org/wiki/Enrico_Fermi,https://en.wikipedia.org/wiki/Claude_Cohen-Tannoudji
884,https://en.wikipedia.org/wiki/Enrico_Fermi,https://en.wikipedia.org/wiki/William_Daniel_Phillips
885,https://en.wikipedia.org/wiki/Enrico_Fermi,https://en.wikipedia.org/wiki/Robert_B._Laughlin
886,https://en.wikipedia.org/wiki/Enrico_Fermi,https://en.wikipedia.org/wiki/Horst_Ludwig_St%C3%B6rmer
887,https://en.wikipedia.org/wiki/Enrico_Fermi,https://en.wikipedia.org/wiki/Daniel_C._Tsui
888,https://en.wikipedia.org/wiki/Enrico_Fermi,https://en.wikipedia.org/wiki/Gerard_%27t_Hooft
889,https://en.wikipedia.org/wiki/Enrico_Fermi,https://en.wikipedia.org/wiki/Martinus_J._G._Veltman
890,https://en.wikipedia.org/wiki/Enrico_Fermi,https://en.wikipedia.org/wiki/Zhores_Alferov
891,https://en.wikipedia.org/wiki/Enrico_Fermi,https://en.wikipedia.org/wiki/Herbert_Kroemer
892,https://en.wikipedia.org/wiki/Enrico_Fermi,https://en.wikipedia.org/wiki/Jack_Kilby
893,https://en.wikipedia.org/wiki/Enrico_Fermi,https://en.wikipedia.org/wiki/Eric_Allin_Cornell
894,https://en.wikipedia.org/wiki/Enrico_Fermi,https://en.wikipedia.org/wiki/Wolfgang_Ketterle
895,https://en.wikipedia.org/wiki/Enrico_Fermi,https://en.wikipedia.org/wiki/Carl_Wieman
896,https://en.wikipedia.org/wiki/Enrico_Fermi,https://en.wikipedia.org/wiki/Raymond_Davis_Jr.
897,https://en.wikipedia.org/wiki/Enrico_Fermi,https://en.wikipedia.org/wiki/Masatoshi_Koshiba
898,https://en.wikipedia.org/wiki/Enrico_Fermi,https://en.wikipedia.org/wiki/Riccardo_Giacconi
899,https://en.wikipedia.org/wiki/Enrico_Fermi,https://en.wikipedia.org/wiki/Alexei_Alexeyevich_Abrikosov
900,https://en.wikipedia.org/wiki/Enrico_Fermi,https://en.wikipedia.org/wiki/Vitaly_Ginzburg
901,https://en.wikipedia.org/wiki/Enrico_Fermi,https://en.wikipedia.org/wiki/Anthony_James_Leggett
902,https://en.wikipedia.org/wiki/Enrico_Fermi,https://en.wikipedia.org/wiki/David_Gross
903,https://en.wikipedia.org/wiki/Enrico_Fermi,https://en.wikipedia.org/wiki/Hugh_David_Politzer
904,https://en.wikipedia.org/wiki/Enrico_Fermi,https://en.wikipedia.org/wiki/Frank_Wilczek
905,https://en.wikipedia.org/wiki/Enrico_Fermi,https://en.wikipedia.org/wiki/Roy_J._Glauber
906,https://en.wikipedia.org/wiki/Enrico_Fermi,https://en.wikipedia.org/wiki/John_L._Hall
907,https://en.wikipedia.org/wiki/Enrico_Fermi,https://en.wikipedia.org/wiki/Theodor_W._H%C3%A4nsch
908,https://en.wikipedia.org/wiki/Enrico_Fermi,https://en.wikipedia.org/wiki/John_C._Mather
909,https://en.wikipedia.org/wiki/Enrico_Fermi,https://en.wikipedia.org/wiki/George_Smoot
910,https://en.wikipedia.org/wiki/Enrico_Fermi,https://en.wikipedia.org/wiki/Albert_Fert
911,https://en.wikipedia.org/wiki/Enrico_Fermi,https://en.wikipedia.org/wiki/Peter_Gr%C3%BCnberg
912,https://en.wikipedia.org/wiki/Enrico_Fermi,https://en.wikipedia.org/wiki/Yoichiro_Nambu
913,https://en.wikipedia.org/wiki/Enrico_Fermi,https://en.wikipedia.org/wiki/Makoto_Kobayashi_(physicist)
914,https://en.wikipedia.org/wiki/Enrico_Fermi,https://en.wikipedia.org/wiki/Toshihide_Maskawa
915,https://en.wikipedia.org/wiki/Enrico_Fermi,https://en.wikipedia.org/wiki/Charles_K._Kao
916,https://en.wikipedia.org/wiki/Enrico_Fermi,https://en.wikipedia.org/wiki/Willard_Boyle
917,https://en.wikipedia.org/wiki/Enrico_Fermi,https://en.wikipedia.org/wiki/George_E._Smith
918,https://en.wikipedia.org/wiki/Enrico_Fermi,https://en.wikipedia.org/wiki/Andre_Geim
919,https://en.wikipedia.org/wiki/Enrico_Fermi,https://en.wikipedia.org/wiki/Konstantin_Novoselov
920,https://en.wikipedia.org/wiki/Enrico_Fermi,https://en.wikipedia.org/wiki/Saul_Perlmutter
921,https://en.wikipedia.org/wiki/Enrico_Fermi,https://en.wikipedia.org/wiki/Adam_Riess
922,https://en.wikipedia.org/wiki/Enrico_Fermi,https://en.wikipedia.org/wiki/Brian_Schmidt
923,https://en.wikipedia.org/wiki/Enrico_Fermi,https://en.wikipedia.org/wiki/David_J._Wineland
924,https://en.wikipedia.org/wiki/Enrico_Fermi,https://en.wikipedia.org/wiki/Serge_Haroche
925,https://en.wikipedia.org/wiki/Enrico_Fermi,https://en.wikipedia.org/wiki/Fran%C3%A7ois_Englert
926,https://en.wikipedia.org/wiki/Enrico_Fermi,https://en.wikipedia.org/wiki/Peter_Higgs
927,https://en.wikipedia.org/wiki/Enrico_Fermi,https://en.wikipedia.org/wiki/Isamu_Akasaki
928,https://en.wikipedia.org/wiki/Enrico_Fermi,https://en.wikipedia.org/wiki/Hiroshi_Amano
929,https://en.wikipedia.org/wiki/Enrico_Fermi,https://en.wikipedia.org/wiki/Shuji_Nakamura
930,https://en.wikipedia.org/wiki/Enrico_Fermi,https://en.wikipedia.org/wiki/Takaaki_Kajita
931,https://en.wikipedia.org/wiki/Enrico_Fermi,https://en.wikipedia.org/wiki/Arthur_B._McDonald
932,https://en.wikipedia.org/wiki/Enrico_Fermi,https://en.wikipedia.org/wiki/David_J._Thouless
933,https://en.wikipedia.org/wiki/Enrico_Fermi,https://en.wikipedia.org/wiki/Duncan_Haldane
934,https://en.wikipedia.org/wiki/Enrico_Fermi,https://en.wikipedia.org/wiki/J._Michael_Kosterlitz
935,https://en.wikipedia.org/wiki/Enrico_Fermi,https://en.wikipedia.org/wiki/Rainer_Weiss
936,https://en.wikipedia.org/wiki/Enrico_Fermi,https://en.wikipedia.org/wiki/Barry_Barish
937,https://en.wikipedia.org/wiki/Enrico_Fermi,https://en.wikipedia.org/wiki/Kip_Thorne
938,https://en.wikipedia.org/wiki/Enrico_Fermi,https://en.wikipedia.org/wiki/Arthur_Ashkin
939,https://en.wikipedia.org/wiki/Enrico_Fermi,https://en.wikipedia.org/wiki/G%C3%A9rard_Mourou
940,https://en.wikipedia.org/wiki/Enrico_Fermi,https://en.wikipedia.org/wiki/Donna_Strickland
941,https://en.wikipedia.org/wiki/Enrico_Fermi,https://en.wikipedia.org/wiki/Template:Presidents_of_the_American_Physical_Society
942,https://en.wikipedia.org/wiki/Enrico_Fermi,https://en.wikipedia.org/wiki/Template_talk:Presidents_of_the_American_Physical_Society
943,https://en.wikipedia.org/wiki/Enrico_Fermi,https://en.wikipedia.org/w/index.php?title=Template:Presidents_of_the_American_Physical_Society&action=edit
944,https://en.wikipedia.org/wiki/Enrico_Fermi,https://en.wikipedia.org/wiki/American_Physical_Society
945,https://en.wikipedia.org/wiki/Enrico_Fermi,https://en.wikipedia.org/wiki/Henry_Augustus_Rowland
946,https://en.wikipedia.org/wiki/Enrico_Fermi,https://en.wikipedia.org/wiki/Albert_A._Michelson
947,https://en.wikipedia.org/wiki/Enrico_Fermi,https://en.wikipedia.org/wiki/Arthur_Gordon_Webster
948,https://en.wikipedia.org/wiki/Enrico_Fermi,https://en.wikipedia.org/wiki/Carl_Barus
949,https://en.wikipedia.org/wiki/Enrico_Fermi,https://en.wikipedia.org/wiki/Edward_Leamington_Nichols
950,https://en.wikipedia.org/wiki/Enrico_Fermi,https://en.wikipedia.org/wiki/Henry_Crew
951,https://en.wikipedia.org/wiki/Enrico_Fermi,https://en.wikipedia.org/wiki/William_Francis_Magie
952,https://en.wikipedia.org/wiki/Enrico_Fermi,https://en.wikipedia.org/wiki/Benjamin_Osgood_Peirce
953,https://en.wikipedia.org/wiki/Enrico_Fermi,https://en.wikipedia.org/wiki/Ernest_Merritt
954,https://en.wikipedia.org/wiki/Enrico_Fermi,https://en.wikipedia.org/wiki/Robert_Andrews_Millikan
955,https://en.wikipedia.org/wiki/Enrico_Fermi,https://en.wikipedia.org/wiki/Henry_Andrews_Bumstead
956,https://en.wikipedia.org/wiki/Enrico_Fermi,https://en.wikipedia.org/wiki/Joseph_Sweetman_Ames
957,https://en.wikipedia.org/wiki/Enrico_Fermi,https://en.wikipedia.org/wiki/Theodore_Lyman
958,https://en.wikipedia.org/wiki/Enrico_Fermi,https://en.wikipedia.org/wiki/Thomas_Corwin_Mendenhall
959,https://en.wikipedia.org/wiki/Enrico_Fermi,https://en.wikipedia.org/wiki/Dayton_Miller
960,https://en.wikipedia.org/wiki/Enrico_Fermi,https://en.wikipedia.org/wiki/Karl_Taylor_Compton
961,https://en.wikipedia.org/wiki/Enrico_Fermi,https://en.wikipedia.org/wiki/Henry_Gale_(astrophysicist)
962,https://en.wikipedia.org/wiki/Enrico_Fermi,https://en.wikipedia.org/wiki/William_Francis_Gray_Swann
963,https://en.wikipedia.org/wiki/Enrico_Fermi,https://en.wikipedia.org/wiki/Paul_D._Foote
964,https://en.wikipedia.org/wiki/Enrico_Fermi,https://en.wikipedia.org/wiki/Arthur_Compton
965,https://en.wikipedia.org/wiki/Enrico_Fermi,https://en.wikipedia.org/wiki/Robert_W._Wood
966,https://en.wikipedia.org/wiki/Enrico_Fermi,https://en.wikipedia.org/wiki/Floyd_K._Richtmyer
967,https://en.wikipedia.org/wiki/Enrico_Fermi,https://en.wikipedia.org/wiki/Harrison_M._Randall
968,https://en.wikipedia.org/wiki/Enrico_Fermi,https://en.wikipedia.org/wiki/Lyman_James_Briggs
969,https://en.wikipedia.org/wiki/Enrico_Fermi,"https://en.wikipedia.org/wiki/John_Torrence_Tate,_Sr."
970,https://en.wikipedia.org/wiki/Enrico_Fermi,https://en.wikipedia.org/wiki/John_Zeleny
971,https://en.wikipedia.org/wiki/Enrico_Fermi,https://en.wikipedia.org/wiki/George_Braxton_Pegram
972,https://en.wikipedia.org/wiki/Enrico_Fermi,https://en.wikipedia.org/wiki/Gideon_T._Stewart
973,https://en.wikipedia.org/wiki/Enrico_Fermi,https://en.wikipedia.org/wiki/Percy_Williams_Bridgman
974,https://en.wikipedia.org/wiki/Enrico_Fermi,https://en.wikipedia.org/wiki/Albert_Hull
975,https://en.wikipedia.org/wiki/Enrico_Fermi,https://en.wikipedia.org/wiki/Arthur_Jeffrey_Dempster
976,https://en.wikipedia.org/wiki/Enrico_Fermi,https://en.wikipedia.org/wiki/Harvey_Fletcher
977,https://en.wikipedia.org/wiki/Enrico_Fermi,https://en.wikipedia.org/wiki/Edward_Condon
978,https://en.wikipedia.org/wiki/Enrico_Fermi,https://en.wikipedia.org/wiki/Lee_Alvin_DuBridge
979,https://en.wikipedia.org/wiki/Enrico_Fermi,https://en.wikipedia.org/wiki/J._Robert_Oppenheimer
980,https://en.wikipedia.org/wiki/Enrico_Fermi,https://en.wikipedia.org/wiki/Francis_Wheeler_Loomis
981,https://en.wikipedia.org/wiki/Enrico_Fermi,https://en.wikipedia.org/wiki/Isidor_Isaac_Rabi
982,https://en.wikipedia.org/wiki/Enrico_Fermi,https://en.wikipedia.org/wiki/Charles_Christian_Lauritsen
983,https://en.wikipedia.org/wiki/Enrico_Fermi,https://en.wikipedia.org/wiki/John_Hasbrouck_Van_Vleck
984,https://en.wikipedia.org/wiki/Enrico_Fermi,https://en.wikipedia.org/wiki/Hans_Bethe
985,https://en.wikipedia.org/wiki/Enrico_Fermi,https://en.wikipedia.org/wiki/Raymond_Thayer_Birge
986,https://en.wikipedia.org/wiki/Enrico_Fermi,https://en.wikipedia.org/wiki/Eugene_Wigner
987,https://en.wikipedia.org/wiki/Enrico_Fermi,https://en.wikipedia.org/wiki/Henry_DeWolf_Smyth
988,https://en.wikipedia.org/wiki/Enrico_Fermi,https://en.wikipedia.org/wiki/Jesse_Beams
989,https://en.wikipedia.org/wiki/Enrico_Fermi,https://en.wikipedia.org/wiki/George_Eugene_Uhlenbeck
990,https://en.wikipedia.org/wiki/Enrico_Fermi,https://en.wikipedia.org/wiki/Victor_Frederick_Weisskopf
991,https://en.wikipedia.org/wiki/Enrico_Fermi,https://en.wikipedia.org/wiki/Frederick_Seitz
992,https://en.wikipedia.org/wiki/Enrico_Fermi,https://en.wikipedia.org/wiki/William_V._Houston
993,https://en.wikipedia.org/wiki/Enrico_Fermi,https://en.wikipedia.org/wiki/John_Harry_Williams
994,https://en.wikipedia.org/wiki/Enrico_Fermi,https://en.wikipedia.org/wiki/Robert_Bacher
995,https://en.wikipedia.org/wiki/Enrico_Fermi,https://en.wikipedia.org/wiki/Felix_Bloch
996,https://en.wikipedia.org/wiki/Enrico_Fermi,https://en.wikipedia.org/wiki/John_Archibald_Wheeler
997,https://en.wikipedia.org/wiki/Enrico_Fermi,https://en.wikipedia.org/wiki/Charles_H._Townes
998,https://en.wikipedia.org/wiki/Enrico_Fermi,https://en.wikipedia.org/wiki/John_Bardeen
999,https://en.wikipedia.org/wiki/Enrico_Fermi,https://en.wikipedia.org/wiki/Luis_Walter_Alvarez
1000,https://en.wikipedia.org/wiki/Enrico_Fermi,https://en.wikipedia.org/wiki/Edward_Mills_Purcell
