root_id,name
1,test
2,WIKI.PEDIA
3,"I NO LONGER WANT TO LIVE IN A DREAM"
4,en.wikipedia.org
5,en.wikipedia.org
6,www.worldcat.org
7,worldwide.espacenet.com
8,www.dictionary.com
9,www.history.com
10,www.nytimes.com
11,web.archive.org
12,www.olgiateolona26giugno1959.org
13,mathematica.sns.it
14,en.wikisource.org
15,www.goilombardia.it
16,www.phys.uniroma1.it
17,fermi.lib.uchicago.edu
18,archiviostorico.corriere.it
19,www.archivi.beniculturali.it
20,primolevicenter.org
21,microboone-docdb.fnal.gov
22,adsabs.harvard.edu
23,doi.org
24,gallica.bnf.fr
25,jnm.snmjournals.org
26,arxiv.org
27,energyfromthorium.com
28,dbhs.wvusd.k12.ca.us
29,www.nature.com
30,www.nobelprize.org
31,books.google.com
32,docs.fdrlibrary.marist.edu
33,www.jstor.org
34,www.nasonline.org
35,www.genealogy.math.ndsu.nodak.edu
36,www.npr.org
37,physicstoday.scitation.org
38,gotterdammerung.org
39,www.time.com
40,www.fnal.gov
41,science.nasa.gov
42,world-nuclear.org
43,www.cnea.edu.ar
44,www.angelo.edu
45,science.energy.gov
46,www.escholarship.org
47,www.governmentattic.org
48,fas.org
49,manhattanprojectvoices.org
50,www.osti.gov
51,nobelprize.org
52,www.atomicarchive.com
53,www.aps.org
54,ilorentz.org
55,commons.wikimedia.org
56,en.wikiquote.org
57,www.wikidata.org
58,authority.bibsys.no
59,catalogo.bne.es
60,catalogue.bnf.fr
61,data.bnf.fr
62,ci.nii.ac.jp
63,d-nb.info
64,isni.org
65,id.loc.gov
66,kopkatalogs.lv
67,www.genealogy.ams.org
68,catalog.archives.gov
69,id.ndl.go.jp
70,aleph.nkp.cz
71,nla.gov.au
72,opac.sbn.it
73,libris.kb.se
74,socialarchive.iath.virginia.edu
75,www.idref.fr
76,viaf.org
77,donate.wikimedia.org
78,shop.wikimedia.org
79,af.wikipedia.org
80,als.wikipedia.org
81,am.wikipedia.org
82,ar.wikipedia.org
83,an.wikipedia.org
84,ast.wikipedia.org
85,az.wikipedia.org
86,azb.wikipedia.org
87,bn.wikipedia.org
88,zh-min-nan.wikipedia.org
89,ba.wikipedia.org
90,be.wikipedia.org
91,be-x-old.wikipedia.org
92,bg.wikipedia.org
93,bs.wikipedia.org
94,br.wikipedia.org
95,ca.wikipedia.org
96,cv.wikipedia.org
97,cs.wikipedia.org
98,co.wikipedia.org
99,cy.wikipedia.org
100,da.wikipedia.org
101,de.wikipedia.org
102,et.wikipedia.org
103,el.wikipedia.org
104,es.wikipedia.org
105,eo.wikipedia.org
106,eu.wikipedia.org
107,fa.wikipedia.org
108,hif.wikipedia.org
109,fr.wikipedia.org
110,fy.wikipedia.org
111,ga.wikipedia.org
112,gd.wikipedia.org
113,gl.wikipedia.org
114,ko.wikipedia.org
115,hy.wikipedia.org
116,hi.wikipedia.org
117,hr.wikipedia.org
118,io.wikipedia.org
119,ilo.wikipedia.org
120,id.wikipedia.org
121,ia.wikipedia.org
122,is.wikipedia.org
123,it.wikipedia.org
124,he.wikipedia.org
125,jv.wikipedia.org
126,kn.wikipedia.org
127,pam.wikipedia.org
128,ka.wikipedia.org
129,kk.wikipedia.org
130,sw.wikipedia.org
131,ht.wikipedia.org
132,ku.wikipedia.org
133,ky.wikipedia.org
134,lad.wikipedia.org
135,la.wikipedia.org
136,lv.wikipedia.org
137,lb.wikipedia.org
138,lt.wikipedia.org
139,lij.wikipedia.org
140,li.wikipedia.org
141,lmo.wikipedia.org
142,hu.wikipedia.org
143,mk.wikipedia.org
144,mg.wikipedia.org
145,ml.wikipedia.org
146,mr.wikipedia.org
147,xmf.wikipedia.org
148,arz.wikipedia.org
149,ms.wikipedia.org
150,cdo.wikipedia.org
151,mn.wikipedia.org
152,my.wikipedia.org
153,nl.wikipedia.org
154,new.wikipedia.org
155,ja.wikipedia.org
156,ce.wikipedia.org
157,no.wikipedia.org
158,nn.wikipedia.org
159,oc.wikipedia.org
160,mhr.wikipedia.org
161,or.wikipedia.org
162,uz.wikipedia.org
163,pa.wikipedia.org
164,pnb.wikipedia.org
165,km.wikipedia.org
166,pms.wikipedia.org
167,pl.wikipedia.org
168,pt.wikipedia.org
169,ro.wikipedia.org
170,qu.wikipedia.org
171,rue.wikipedia.org
172,ru.wikipedia.org
173,sah.wikipedia.org
174,sat.wikipedia.org
175,sa.wikipedia.org
176,sco.wikipedia.org
177,sq.wikipedia.org
178,scn.wikipedia.org
179,simple.wikipedia.org
180,sk.wikipedia.org
181,sl.wikipedia.org
182,ckb.wikipedia.org
183,sr.wikipedia.org
184,sh.wikipedia.org
185,fi.wikipedia.org
186,sv.wikipedia.org
187,tl.wikipedia.org
188,ta.wikipedia.org
189,tt.wikipedia.org
190,te.wikipedia.org
191,th.wikipedia.org
192,tr.wikipedia.org
193,uk.wikipedia.org
194,ur.wikipedia.org
195,vi.wikipedia.org
196,vo.wikipedia.org
197,war.wikipedia.org
198,wuu.wikipedia.org
199,yi.wikipedia.org
200,yo.wikipedia.org
201,zh-yue.wikipedia.org
202,bat-smg.wikipedia.org
203,zh.wikipedia.org
204,creativecommons.org
205,foundation.wikimedia.org
206,www.wikimediafoundation.org
207,www.mediawiki.org
208,en.m.wikipedia.org
209,wikimediafoundation.org
210,en.wikipedia.org
211,en.wikipedia.org
212,en.wikipedia.org
213,www.worldcat.org
214,worldwide.espacenet.com
215,www.dictionary.com
216,www.history.com
217,www.nytimes.com
218,web.archive.org
219,www.olgiateolona26giugno1959.org
220,mathematica.sns.it
221,en.wikisource.org
222,www.goilombardia.it
223,www.phys.uniroma1.it
224,fermi.lib.uchicago.edu
225,archiviostorico.corriere.it
226,www.archivi.beniculturali.it
227,primolevicenter.org
228,microboone-docdb.fnal.gov
229,adsabs.harvard.edu
230,doi.org
231,gallica.bnf.fr
232,jnm.snmjournals.org
233,arxiv.org
234,energyfromthorium.com
235,dbhs.wvusd.k12.ca.us
236,www.nature.com
237,www.nobelprize.org
238,books.google.com
239,docs.fdrlibrary.marist.edu
240,www.jstor.org
241,www.nasonline.org
242,www.genealogy.math.ndsu.nodak.edu
243,www.npr.org
244,physicstoday.scitation.org
245,gotterdammerung.org
246,www.time.com
247,www.fnal.gov
248,science.nasa.gov
249,world-nuclear.org
250,www.cnea.edu.ar
251,www.angelo.edu
252,science.energy.gov
253,www.escholarship.org
254,www.governmentattic.org
255,fas.org
256,manhattanprojectvoices.org
257,www.osti.gov
258,nobelprize.org
259,www.atomicarchive.com
260,www.aps.org
261,ilorentz.org
262,commons.wikimedia.org
263,en.wikiquote.org
264,www.wikidata.org
265,authority.bibsys.no
266,catalogo.bne.es
267,catalogue.bnf.fr
268,data.bnf.fr
269,ci.nii.ac.jp
270,d-nb.info
271,isni.org
272,id.loc.gov
273,kopkatalogs.lv
274,www.genealogy.ams.org
275,catalog.archives.gov
276,id.ndl.go.jp
277,aleph.nkp.cz
278,nla.gov.au
279,opac.sbn.it
280,libris.kb.se
281,socialarchive.iath.virginia.edu
282,www.idref.fr
283,viaf.org
284,donate.wikimedia.org
285,shop.wikimedia.org
286,af.wikipedia.org
287,als.wikipedia.org
288,am.wikipedia.org
289,ar.wikipedia.org
290,an.wikipedia.org
291,ast.wikipedia.org
292,az.wikipedia.org
293,azb.wikipedia.org
294,bn.wikipedia.org
295,zh-min-nan.wikipedia.org
296,ba.wikipedia.org
297,be.wikipedia.org
298,be-x-old.wikipedia.org
299,bg.wikipedia.org
300,bs.wikipedia.org
301,br.wikipedia.org
302,ca.wikipedia.org
303,cv.wikipedia.org
304,cs.wikipedia.org
305,co.wikipedia.org
306,cy.wikipedia.org
307,da.wikipedia.org
308,de.wikipedia.org
309,et.wikipedia.org
310,el.wikipedia.org
311,es.wikipedia.org
312,eo.wikipedia.org
313,eu.wikipedia.org
314,fa.wikipedia.org
315,hif.wikipedia.org
316,fr.wikipedia.org
317,fy.wikipedia.org
318,ga.wikipedia.org
319,gd.wikipedia.org
320,gl.wikipedia.org
321,ko.wikipedia.org
322,hy.wikipedia.org
323,hi.wikipedia.org
324,hr.wikipedia.org
325,io.wikipedia.org
326,ilo.wikipedia.org
327,id.wikipedia.org
328,ia.wikipedia.org
329,is.wikipedia.org
330,it.wikipedia.org
331,he.wikipedia.org
332,jv.wikipedia.org
333,kn.wikipedia.org
334,pam.wikipedia.org
335,ka.wikipedia.org
336,kk.wikipedia.org
337,sw.wikipedia.org
338,ht.wikipedia.org
339,ku.wikipedia.org
340,ky.wikipedia.org
341,lad.wikipedia.org
342,la.wikipedia.org
343,lv.wikipedia.org
344,lb.wikipedia.org
345,lt.wikipedia.org
346,lij.wikipedia.org
347,li.wikipedia.org
348,lmo.wikipedia.org
349,hu.wikipedia.org
350,mk.wikipedia.org
351,mg.wikipedia.org
352,ml.wikipedia.org
353,mr.wikipedia.org
354,xmf.wikipedia.org
355,arz.wikipedia.org
356,ms.wikipedia.org
357,cdo.wikipedia.org
358,mn.wikipedia.org
359,my.wikipedia.org
360,nl.wikipedia.org
361,new.wikipedia.org
362,ja.wikipedia.org
363,ce.wikipedia.org
364,no.wikipedia.org
365,nn.wikipedia.org
366,oc.wikipedia.org
367,mhr.wikipedia.org
368,or.wikipedia.org
369,uz.wikipedia.org
370,pa.wikipedia.org
371,pnb.wikipedia.org
372,km.wikipedia.org
373,pms.wikipedia.org
374,pl.wikipedia.org
375,pt.wikipedia.org
376,ro.wikipedia.org
377,qu.wikipedia.org
378,rue.wikipedia.org
379,ru.wikipedia.org
380,sah.wikipedia.org
381,sat.wikipedia.org
382,sa.wikipedia.org
383,sco.wikipedia.org
384,sq.wikipedia.org
385,scn.wikipedia.org
386,simple.wikipedia.org
387,sk.wikipedia.org
388,sl.wikipedia.org
389,ckb.wikipedia.org
390,sr.wikipedia.org
391,sh.wikipedia.org
392,fi.wikipedia.org
393,sv.wikipedia.org
394,tl.wikipedia.org
395,ta.wikipedia.org
396,tt.wikipedia.org
397,te.wikipedia.org
398,th.wikipedia.org
399,tr.wikipedia.org
400,uk.wikipedia.org
401,ur.wikipedia.org
402,vi.wikipedia.org
403,vo.wikipedia.org
404,war.wikipedia.org
405,wuu.wikipedia.org
406,yi.wikipedia.org
407,yo.wikipedia.org
408,zh-yue.wikipedia.org
409,bat-smg.wikipedia.org
410,zh.wikipedia.org
411,creativecommons.org
412,foundation.wikimedia.org
413,www.wikimediafoundation.org
414,www.mediawiki.org
415,en.m.wikipedia.org
416,wikimediafoundation.org
417,en.wikipedia.org
418,www.worldcat.org
419,worldwide.espacenet.com
420,www.dictionary.com
421,www.history.com
422,www.nytimes.com
423,web.archive.org
424,www.olgiateolona26giugno1959.org
425,mathematica.sns.it
426,en.wikisource.org
427,www.goilombardia.it
428,www.phys.uniroma1.it
429,fermi.lib.uchicago.edu
430,archiviostorico.corriere.it
431,www.archivi.beniculturali.it
432,primolevicenter.org
433,microboone-docdb.fnal.gov
434,adsabs.harvard.edu
435,doi.org
436,gallica.bnf.fr
437,jnm.snmjournals.org
438,arxiv.org
439,energyfromthorium.com
440,dbhs.wvusd.k12.ca.us
441,www.nature.com
442,www.nobelprize.org
443,books.google.com
444,docs.fdrlibrary.marist.edu
445,www.jstor.org
446,www.nasonline.org
447,www.genealogy.math.ndsu.nodak.edu
448,www.npr.org
449,physicstoday.scitation.org
450,gotterdammerung.org
451,www.time.com
452,www.fnal.gov
453,science.nasa.gov
454,world-nuclear.org
455,www.cnea.edu.ar
456,www.angelo.edu
457,science.energy.gov
458,www.escholarship.org
459,www.governmentattic.org
460,fas.org
461,manhattanprojectvoices.org
462,www.osti.gov
463,nobelprize.org
464,www.atomicarchive.com
465,www.aps.org
466,ilorentz.org
467,commons.wikimedia.org
468,en.wikiquote.org
469,www.wikidata.org
470,authority.bibsys.no
471,catalogo.bne.es
472,catalogue.bnf.fr
473,data.bnf.fr
474,ci.nii.ac.jp
475,d-nb.info
476,isni.org
477,id.loc.gov
478,kopkatalogs.lv
479,www.genealogy.ams.org
480,catalog.archives.gov
481,id.ndl.go.jp
482,aleph.nkp.cz
483,nla.gov.au
484,opac.sbn.it
485,libris.kb.se
486,socialarchive.iath.virginia.edu
487,www.idref.fr
488,viaf.org
489,donate.wikimedia.org
490,shop.wikimedia.org
491,af.wikipedia.org
492,als.wikipedia.org
493,am.wikipedia.org
494,ar.wikipedia.org
495,an.wikipedia.org
496,ast.wikipedia.org
497,az.wikipedia.org
498,azb.wikipedia.org
499,bn.wikipedia.org
500,zh-min-nan.wikipedia.org
501,ba.wikipedia.org
502,be.wikipedia.org
503,be-x-old.wikipedia.org
504,bg.wikipedia.org
505,bs.wikipedia.org
506,br.wikipedia.org
507,ca.wikipedia.org
508,cv.wikipedia.org
509,cs.wikipedia.org
510,co.wikipedia.org
511,cy.wikipedia.org
512,da.wikipedia.org
513,de.wikipedia.org
514,et.wikipedia.org
515,el.wikipedia.org
516,es.wikipedia.org
517,eo.wikipedia.org
518,eu.wikipedia.org
519,fa.wikipedia.org
520,hif.wikipedia.org
521,fr.wikipedia.org
522,fy.wikipedia.org
523,ga.wikipedia.org
524,gd.wikipedia.org
525,gl.wikipedia.org
526,ko.wikipedia.org
527,hy.wikipedia.org
528,hi.wikipedia.org
529,hr.wikipedia.org
530,io.wikipedia.org
531,ilo.wikipedia.org
532,id.wikipedia.org
533,ia.wikipedia.org
534,is.wikipedia.org
535,it.wikipedia.org
536,he.wikipedia.org
537,jv.wikipedia.org
538,kn.wikipedia.org
539,pam.wikipedia.org
540,ka.wikipedia.org
541,kk.wikipedia.org
542,sw.wikipedia.org
543,ht.wikipedia.org
544,ku.wikipedia.org
545,ky.wikipedia.org
546,lad.wikipedia.org
547,la.wikipedia.org
548,lv.wikipedia.org
549,lb.wikipedia.org
550,lt.wikipedia.org
551,lij.wikipedia.org
552,li.wikipedia.org
553,lmo.wikipedia.org
554,hu.wikipedia.org
555,mk.wikipedia.org
556,mg.wikipedia.org
557,ml.wikipedia.org
558,mr.wikipedia.org
559,xmf.wikipedia.org
560,arz.wikipedia.org
561,ms.wikipedia.org
562,cdo.wikipedia.org
563,mn.wikipedia.org
564,my.wikipedia.org
565,nl.wikipedia.org
566,new.wikipedia.org
567,ja.wikipedia.org
568,ce.wikipedia.org
569,no.wikipedia.org
570,nn.wikipedia.org
571,oc.wikipedia.org
572,mhr.wikipedia.org
573,or.wikipedia.org
574,uz.wikipedia.org
575,pa.wikipedia.org
576,pnb.wikipedia.org
577,km.wikipedia.org
578,pms.wikipedia.org
579,pl.wikipedia.org
580,pt.wikipedia.org
581,ro.wikipedia.org
582,qu.wikipedia.org
583,rue.wikipedia.org
584,ru.wikipedia.org
585,sah.wikipedia.org
586,sat.wikipedia.org
587,sa.wikipedia.org
588,sco.wikipedia.org
589,sq.wikipedia.org
590,scn.wikipedia.org
591,simple.wikipedia.org
592,sk.wikipedia.org
593,sl.wikipedia.org
594,ckb.wikipedia.org
595,sr.wikipedia.org
596,sh.wikipedia.org
597,fi.wikipedia.org
598,sv.wikipedia.org
599,tl.wikipedia.org
600,ta.wikipedia.org
601,tt.wikipedia.org
602,te.wikipedia.org
603,th.wikipedia.org
604,tr.wikipedia.org
605,uk.wikipedia.org
606,ur.wikipedia.org
607,vi.wikipedia.org
608,vo.wikipedia.org
609,war.wikipedia.org
610,wuu.wikipedia.org
611,yi.wikipedia.org
612,yo.wikipedia.org
613,zh-yue.wikipedia.org
614,bat-smg.wikipedia.org
615,zh.wikipedia.org
616,creativecommons.org
617,foundation.wikimedia.org
618,www.wikimediafoundation.org
619,www.mediawiki.org
620,en.m.wikipedia.org
621,wikimediafoundation.org
